Loan_ID,Bank,Customer_Name,Gender,Married,Dependents,Education,Employment_Status,Applicant_Income,Coapplicant_Income,Loan_Amount,Loan_Term_Months,Credit_History,Property_Area,Age,Loan_Status,CIBIL_Score,Annual_Household_Income,Debt_to_Income_Ratio,Purpose_of_Loan,Existing_EMIs,Number_of_Previous_Loans,Default_History_Count,Employment_Length_Years,Business_Type,Asset_Value,Guarantor,Co-signer_Relationship,Monthly_Expense,Organization_Type,Region_Branch,Mobile_Verified,Email_Verified,Institutional_Relationships,Application_Text,Customer_Feedback,Agent_Notes,Loan_to_Annual_Income,Customer_Sentiment,Religion,State,City,PIN_Code,Aadhaar_Synthetic,Phone_Number,Email,Occupation
0,0,31,1,0,2,0,1,56976,0,8031545,360,1,2,36,0,699,683712,0.098,3,5610,0,0,1,1,744861,0,1,30391,3,4,0,1,4,154,2,4,11.747,2,2,0,5,857743,694000000000.0,9068671773,31,8
1,0,31,1,0,0,0,3,1856,0,899361,240,1,0,42,1,707,22272,4.939,1,9166,1,0,0,1,0,0,3,1856,4,2,0,1,2,67,1,1,40.381,0,2,5,15,863836,633000000000.0,9990772625,31,2
2,0,1,0,1,0,0,1,64553,0,2387748,60,1,0,38,0,641,774636,0.0,1,0,2,0,1,1,2913766,0,4,24557,2,0,1,1,0,49,3,1,3.082,2,2,4,19,834796,166000000000.0,9195085016,1,12
3,0,4,1,0,0,0,1,88450,0,658856,12,1,1,32,0,677,1061400,0.301,5,26613,1,0,3,1,3488244,0,1,36750,4,4,1,1,2,1,1,1,0.621,0,2,1,27,438590,55281832538.0,9179335548,4,11
4,0,11,1,1,3,0,2,9539,0,198671,36,0,1,35,0,594,114468,0.0,5,0,0,0,2,0,472179,0,2,3920,3,0,1,1,2,1,0,4,1.736,1,4,9,12,495224,156000000000.0,9795137116,11,14
5,0,36,1,1,1,0,1,39184,0,494949,36,1,0,24,0,682,470208,0.469,0,18373,0,0,1,1,1399683,0,4,17773,1,0,1,1,1,0,3,4,1.053,0,0,9,12,931296,124000000000.0,9827567043,36,8
6,0,18,0,1,0,1,1,81223,0,1565649,120,1,1,43,0,693,974676,0.646,1,52446,0,0,12,1,2068763,0,4,37145,1,3,1,1,0,0,2,4,1.606,2,2,4,17,617301,857000000000.0,9492424375,18,7
7,0,13,0,0,0,0,3,0,0,5879217,120,1,1,27,1,723,0,712.0,3,712,0,0,0,1,662552,0,4,0,0,2,1,1,3,136,3,2,100.0,2,2,4,17,223874,547000000000.0,9310592745,13,14
8,0,29,1,1,3,0,3,17675,0,1015184,48,0,2,30,1,593,212100,1.557,0,27513,0,0,1,1,574233,0,4,11655,2,4,1,1,3,0,1,3,4.786,2,3,0,23,142206,55257828410.0,9672752088,29,1
9,0,24,1,0,3,0,1,71409,0,128951,24,0,0,39,0,538,856908,0.0,5,0,1,0,1,1,2804582,0,1,26217,4,0,1,1,0,1,3,2,0.15,2,2,9,6,927782,493000000000.0,9406937515,24,0
10,0,32,0,1,0,1,2,25553,21419,974613,360,0,1,36,1,659,563664,0.501,3,23520,0,2,0,5,1615374,0,1,11011,2,1,1,1,1,0,1,3,1.729,0,2,3,13,39882,398000000000.0,9637599805,32,13
11,0,38,0,0,1,0,1,38126,0,846670,240,1,0,32,0,773,457512,0.591,1,22545,1,0,1,1,1253840,1,3,26516,4,2,1,1,2,66,3,4,1.851,1,2,6,16,290285,657000000000.0,9376742662,38,8
12,0,32,1,0,1,0,1,63115,0,6941488,300,1,0,36,0,811,757380,0.278,3,17521,0,0,8,1,1296096,0,4,25969,1,5,1,1,4,217,3,2,9.165,1,2,6,3,722092,479000000000.0,9287923264,32,4
13,0,21,1,0,1,1,2,17960,17074,287671,360,0,2,64,0,598,420408,0.0,1,0,0,1,4,3,1810612,1,2,14135,2,6,1,1,0,0,4,3,0.684,1,1,1,0,140245,495000000000.0,9714627301,21,5
14,0,1,0,1,0,1,0,53684,0,8195681,240,1,2,27,0,716,644208,0.711,3,38162,2,0,0,1,887615,0,2,33009,3,1,1,1,2,0,3,0,12.722,0,2,1,0,573147,960000000000.0,9042902572,1,12
15,0,2,1,1,2,0,1,56092,57453,347497,24,1,2,37,0,719,1362540,0.165,4,18724,0,0,1,1,4826746,0,2,46697,0,3,1,1,2,1,4,4,0.255,1,3,6,3,257493,457000000000.0,9192855445,2,15
16,0,4,1,1,1,0,1,29319,0,1545607,180,0,0,26,1,604,351828,0.777,1,22783,0,1,3,1,1198071,1,4,9684,2,3,1,1,0,0,1,4,4.393,0,2,5,9,252997,520000000000.0,9328338988,4,4
17,0,11,1,0,2,0,2,10609,0,180121,36,0,2,45,1,637,127308,0.0,5,0,2,1,5,2,1224266,0,4,2000,3,0,1,1,3,181,4,1,1.415,1,4,2,18,871187,711000000000.0,9852401322,11,10
18,0,17,1,0,0,1,1,38270,28204,3411529,360,1,1,18,1,699,797688,0.706,1,46922,1,0,0,1,1968803,1,4,25232,3,4,1,1,0,0,3,4,4.277,0,2,9,12,485583,322000000000.0,9089071401,17,7
19,0,31,0,1,1,1,1,43293,51761,7633475,180,1,1,19,0,759,1140648,0.0,3,0,1,0,2,1,3178586,0,4,49446,1,3,1,0,3,217,0,2,6.692,0,2,4,17,515950,194000000000.0,9552893891,31,15
20,0,13,1,1,0,0,1,48611,0,52825,36,1,2,30,0,729,583332,0.926,5,44997,0,0,2,1,1632336,0,1,24955,3,4,1,1,0,219,2,4,0.091,2,2,3,11,791333,833000000000.0,9927125663,13,3
21,0,17,1,1,0,0,2,15509,0,342795,12,1,2,42,1,609,186108,2.065,4,32027,1,0,1,5,942687,0,0,3077,3,6,1,1,1,1,2,0,1.842,1,2,0,5,679514,152000000000.0,9157164794,17,2
22,0,24,0,1,0,0,2,56486,60769,5670008,300,0,2,43,0,577,1407060,0.008,3,948,1,0,1,0,5408344,0,2,57837,0,5,1,1,1,221,2,4,4.03,2,2,0,23,138882,646000000000.0,9781126691,24,14
23,0,40,1,0,0,0,1,97735,0,1673966,360,0,2,34,0,715,1172820,0.339,1,33157,0,2,5,1,3481206,0,3,50190,1,6,0,1,1,221,3,1,1.427,2,3,2,18,716329,354000000000.0,9465796784,40,17
24,0,32,1,0,2,0,1,45050,0,395365,24,1,0,38,1,797,540600,1.22,5,54940,0,0,0,1,1585962,0,4,15153,2,3,1,0,2,219,0,0,0.731,2,2,1,0,175208,148000000000.0,9269524991,32,8
25,0,40,1,0,1,1,1,34900,0,4044564,360,1,2,31,0,638,418800,0.247,3,8618,1,0,5,1,1730208,0,2,6351,2,2,1,1,0,221,1,2,9.658,0,3,5,1,196930,735000000000.0,9061675677,40,0
26,0,4,0,0,0,1,2,9381,0,319925,36,1,0,27,1,669,112572,1.987,2,18637,0,0,0,1,161653,0,3,2094,3,2,1,1,3,1,3,1,2.842,0,2,4,17,949958,843000000000.0,9889778280,4,13
27,0,24,0,1,0,1,2,3000,0,73556,36,0,2,26,1,486,36000,6.873,2,20619,0,1,1,5,856022,0,4,3000,0,4,1,0,1,0,2,1,2.043,1,2,9,6,964826,970000000000.0,9590561655,24,11
28,0,32,0,1,1,0,1,54597,0,320019,12,1,0,21,0,737,655164,0.295,5,16114,1,0,1,1,1459439,0,4,16294,3,1,1,1,0,219,0,1,0.488,0,2,8,14,161739,333000000000.0,9850769864,32,16
29,0,0,1,1,0,0,1,43481,0,2982596,300,0,1,32,1,564,521772,0.044,3,1897,2,0,1,1,1639761,0,2,26314,1,2,1,1,3,1,4,0,5.716,2,2,1,27,272457,56965917135.0,9785294563,0,6
30,0,24,1,0,1,0,1,89792,53231,5329197,240,0,0,44,1,673,1716276,0.079,3,11321,2,2,0,1,4061666,1,3,55817,1,0,1,1,3,1,1,4,3.105,2,2,2,7,168922,344000000000.0,9954198763,24,12
31,0,18,1,0,2,1,1,22973,19443,365226,24,1,1,50,0,746,508992,0.0,4,0,2,0,0,1,650422,0,2,8677,4,0,0,1,3,218,1,0,0.718,2,2,2,7,108092,485000000000.0,9782082973,18,2
32,0,24,1,0,1,0,1,92535,0,317539,24,0,1,51,0,758,1110420,0.0,5,0,0,1,3,1,3806349,0,4,44338,2,6,1,1,1,0,0,1,0.286,2,2,9,24,49153,897000000000.0,9466513644,24,14
33,0,17,1,0,2,0,2,39270,0,4525695,300,1,1,33,1,633,471240,0.793,3,31131,1,0,2,2,1512999,1,4,21793,0,1,1,0,3,0,4,1,9.604,2,2,9,24,257693,936000000000.0,9866032420,17,5
34,0,17,1,1,0,0,1,55899,0,5698029,300,1,2,32,0,636,670788,0.0,3,0,0,0,3,1,1540018,1,4,36669,4,4,0,1,1,135,3,2,8.495,2,2,9,24,529236,821000000000.0,9516231981,17,3
35,0,32,1,0,0,0,1,33527,0,2059790,240,1,0,33,1,686,402324,1.092,1,36615,1,0,0,1,1310815,0,4,17320,3,0,0,1,1,215,4,2,5.12,0,2,3,13,87246,471000000000.0,9321234764,32,0
36,0,24,1,1,1,0,1,28605,0,1896751,48,0,1,40,1,522,343260,1.534,0,43883,2,0,2,1,1534848,0,3,11890,3,6,1,1,2,0,1,0,5.526,1,2,1,27,625941,516000000000.0,9409003486,24,7
37,0,13,1,0,0,0,2,33983,0,210899,24,0,1,27,1,562,407796,1.297,6,44067,1,0,1,5,764062,0,2,14067,4,4,0,1,2,1,4,3,0.517,1,2,8,10,868224,184000000000.0,9327560417,13,6
38,0,21,0,0,1,1,0,23543,0,1554318,120,0,0,18,1,579,282516,0.528,1,12435,0,1,5,1,1105184,1,3,16565,4,5,1,1,3,221,1,2,5.502,2,1,7,28,207016,612000000000.0,9002720634,21,1
40,0,12,1,1,2,0,2,3000,0,1962548,240,1,0,38,1,686,36000,10.47,1,31409,2,0,0,4,87189,0,4,3000,0,3,1,1,1,1,4,0,54.515,2,3,7,8,257562,8931734206.0,9969421529,12,15
41,0,32,1,1,0,0,1,60010,0,4336408,240,1,1,29,0,637,720120,0.313,3,18794,0,0,0,1,2714054,0,4,29597,4,0,1,1,4,117,3,4,6.022,2,2,4,19,234938,868000000000.0,9263934362,32,11
42,0,24,1,0,0,1,0,30506,11887,4606884,360,0,2,29,0,570,508716,0.0,3,0,1,0,4,1,1437277,0,4,20295,0,0,1,0,4,0,3,0,9.056,2,2,6,3,708068,444000000000.0,9256366941,24,15
43,0,12,0,1,1,0,1,48860,0,5730018,240,1,1,46,0,643,586320,0.337,3,16484,0,0,1,1,1930322,0,4,24270,4,1,1,1,3,221,4,0,9.773,2,3,5,15,635421,53759900489.0,9646528092,12,5
44,0,18,1,0,0,0,1,62285,4323,1261833,48,0,1,36,1,555,799296,0.815,0,54256,0,2,3,1,3005465,0,4,33684,0,6,1,1,1,1,0,4,1.579,1,2,6,16,245432,757000000000.0,9027456449,18,5
45,0,1,1,0,1,0,1,27205,0,4192441,180,1,2,27,0,781,326460,0.488,3,13277,0,0,4,1,1299801,0,4,13619,0,0,1,0,0,217,3,1,12.842,0,2,5,1,753654,626000000000.0,9207427617,1,0
46,0,10,0,0,2,1,1,52863,0,490029,36,1,0,35,0,674,634356,0.941,5,49719,0,0,0,1,1387279,0,1,21141,0,4,1,1,0,0,0,2,0.772,1,4,1,25,239580,878000000000.0,9284993908,10,14
47,0,32,1,1,0,1,1,53000,0,376708,36,1,2,38,0,842,636000,0.672,5,35626,1,0,0,1,2114109,0,1,30434,3,0,1,0,4,189,3,2,0.592,0,2,7,8,760143,372000000000.0,9201777490,32,1
48,0,0,1,0,0,1,1,91498,0,1310257,48,1,2,35,0,616,1097976,0.14,0,12853,0,0,2,1,4199774,1,1,45597,2,2,1,0,3,4,4,4,1.193,2,2,4,19,4535,976000000000.0,9961642361,0,16
49,0,18,1,1,2,0,1,47655,0,367306,36,1,0,51,0,757,571860,0.0,2,0,1,0,1,1,912808,0,4,19106,4,0,1,1,1,221,4,2,0.642,2,2,0,20,153828,664000000000.0,9158377674,18,11
50,0,17,1,1,1,0,1,92893,0,454376,36,1,1,40,0,696,1114716,0.176,5,16355,0,0,1,1,2811366,1,4,42260,3,5,1,1,3,221,4,1,0.408,1,2,2,18,153211,593000000000.0,9788147617,17,7
51,0,17,0,1,1,1,3,1519,0,492593,36,0,2,37,1,687,18228,13.925,5,21152,0,1,0,1,648199,0,2,1519,4,5,0,1,1,196,3,0,27.024,2,2,6,3,334001,439000000000.0,9866179454,17,8
52,0,24,2,0,0,0,1,80579,0,438846,60,1,0,18,0,718,966948,0.096,5,7715,1,0,3,1,3455474,0,1,28950,0,4,1,1,4,219,4,2,0.454,1,2,5,15,453668,172000000000.0,9794523219,24,5
53,0,18,1,0,1,0,1,94207,0,618302,36,1,1,38,0,740,1130484,0.155,0,14601,0,0,2,1,4611328,0,4,41129,0,0,1,0,0,214,0,1,0.547,2,2,2,18,510447,801000000000.0,9499564122,18,16
54,0,38,1,0,1,0,3,27646,27412,1816200,360,1,0,42,0,617,660696,0.248,1,13672,1,0,0,1,2238858,0,4,24056,2,4,1,1,0,41,0,3,2.749,1,2,0,20,923263,30372368314.0,9727601227,38,6
55,0,17,1,1,1,1,2,23796,0,418580,240,0,2,28,0,580,285552,0.0,1,0,3,0,0,1,262856,0,4,12257,1,2,1,1,3,221,1,2,1.466,2,2,1,0,63061,793000000000.0,9679984076,17,6
56,0,11,1,1,1,1,1,33925,0,635540,36,1,2,28,0,696,407100,0.116,5,3928,1,0,0,1,2035498,1,4,9762,2,1,1,1,2,0,4,1,1.561,0,4,5,9,709314,973000000000.0,9671795760,11,14
57,0,3,1,0,0,0,2,31372,0,501237,360,1,0,46,0,748,376464,0.0,3,0,1,0,0,2,1476595,1,3,10439,4,4,1,1,1,132,2,1,1.331,2,4,9,24,579736,376000000000.0,9466572934,3,8
58,0,1,1,0,3,0,2,121176,91769,1633540,360,1,0,42,0,619,2555340,0.056,1,11950,1,0,0,4,7000403,1,3,93071,3,4,1,1,1,221,1,0,0.639,2,2,1,0,295929,233000000000.0,9005452280,1,8
59,0,9,2,0,0,1,1,39035,0,2666302,360,1,1,34,0,727,468420,0.042,1,1638,0,0,0,1,886972,0,1,24131,2,5,1,0,4,1,3,4,5.692,2,3,8,21,319350,193000000000.0,9428910771,9,15
60,0,4,0,1,3,1,2,68621,67270,5165284,180,1,1,29,0,684,1630692,0.05,3,6758,3,0,0,4,5657451,1,4,67244,0,5,1,1,1,133,4,2,3.168,2,2,3,13,232287,181000000000.0,9871255213,4,2
61,0,39,1,1,1,0,2,25617,7861,2894984,300,1,0,42,0,706,401736,0.729,3,24412,1,0,1,4,1809112,0,4,13481,3,6,1,1,1,217,1,0,7.206,2,3,7,8,650396,375000000000.0,9286326667,39,3
62,0,24,1,1,2,0,1,30088,16580,3694530,300,1,2,39,0,655,560016,0.0,3,0,0,0,5,1,2046220,0,1,14809,1,6,1,0,1,107,0,0,6.597,0,2,8,14,148863,721000000000.0,9602908466,24,4
63,0,17,1,0,0,1,2,45832,0,1884,48,1,0,35,0,657,549984,0.207,5,9485,1,0,0,3,1779561,0,1,20009,2,3,1,1,1,0,2,4,0.003,0,2,9,24,889208,550000000000.0,9975634108,17,1
64,0,31,0,0,2,0,1,81379,54960,305955,48,0,0,41,0,525,1636068,0.0,5,0,1,2,0,1,4467973,0,3,59809,4,4,1,1,3,219,2,2,0.187,2,2,7,8,844370,884000000000.0,9089434681,31,0
65,0,10,1,0,0,0,1,29274,0,880680,36,1,0,39,0,602,351288,0.163,0,4770,2,0,14,1,447635,0,2,18850,3,3,1,1,3,221,2,1,2.507,2,4,8,21,138153,851000000000.0,9998935449,10,17
66,0,18,1,0,0,0,2,65720,23603,354673,24,0,0,40,0,597,1071876,0.073,6,6516,1,0,2,5,4121315,0,1,43313,1,1,1,1,0,1,1,1,0.331,2,2,7,8,805524,159000000000.0,9106273715,18,3
67,0,31,1,0,0,0,2,66933,0,8589894,300,0,1,26,0,561,803196,0.042,3,2804,0,0,0,1,1856433,0,3,28681,4,4,1,1,1,217,1,3,10.695,2,2,7,28,979615,498000000000.0,9728813770,31,14
68,0,0,1,0,0,0,1,36203,0,12674597,300,1,2,18,0,789,434436,1.443,3,52226,2,0,5,1,894208,1,2,16274,3,6,1,1,3,88,4,3,29.175,1,2,5,1,687847,196000000000.0,9545447022,0,11
69,0,38,1,1,0,0,2,52935,0,95162,36,1,0,19,0,634,635220,0.984,4,52081,1,0,2,1,2450034,1,2,24525,1,0,0,1,2,221,1,3,0.15,0,2,4,22,399679,433000000000.0,9949756792,38,17
70,0,32,1,1,1,0,3,15273,17887,319981,12,1,2,28,0,633,397920,0.54,4,17919,0,0,3,1,694103,0,4,19353,3,6,1,1,1,165,1,3,0.804,0,2,5,9,828809,777000000000.0,9580741209,32,7
71,0,1,1,1,0,1,1,5000,4768,313398,60,1,2,22,1,712,117216,2.592,4,25318,0,0,11,1,0,0,1,5863,0,0,0,1,4,218,2,1,2.674,2,2,5,9,229146,181000000000.0,9801820433,1,2
72,0,38,1,0,0,0,2,53105,32609,587708,36,0,0,25,0,583,1028568,0.224,5,19196,1,0,3,3,2976838,0,3,47420,4,1,1,1,1,219,2,3,0.571,0,2,2,7,775458,957000000000.0,9856411182,38,7
73,0,24,0,1,0,0,1,53066,66325,1208188,360,1,1,39,0,722,1432692,0.0,1,0,1,0,2,1,4259157,0,4,58917,3,0,1,0,2,0,4,3,0.843,0,2,6,3,99912,412000000000.0,9461526546,24,15
74,0,18,1,1,2,0,1,21455,0,1014230,48,1,2,38,0,669,257460,0.0,0,0,1,0,0,1,2044213,1,2,10568,4,0,1,1,0,0,3,1,3.939,0,2,4,17,378268,399000000000.0,9786170630,18,5
75,0,1,1,0,1,0,1,36438,0,537477,36,1,1,18,1,680,437256,1.833,5,66791,1,0,5,1,1164067,0,0,14878,4,4,1,1,0,0,3,1,1.229,1,2,5,9,440144,138000000000.0,9582386870,1,16
76,0,32,1,0,2,0,1,40206,0,577589,240,0,0,40,0,665,482472,0.0,1,0,1,2,3,1,1633633,0,1,14142,4,1,1,0,2,0,4,2,1.197,0,2,1,27,856012,420000000000.0,9840289141,32,13
77,0,39,1,0,0,0,1,38127,0,368522,24,1,2,29,0,717,457524,0.509,5,19401,1,0,0,1,1545660,0,2,10588,1,6,1,0,0,1,3,1,0.805,2,3,2,2,27089,846000000000.0,9553795020,39,6
78,0,18,1,0,3,0,3,12104,0,1240453,60,1,0,25,1,615,145248,2.708,1,32773,0,0,0,1,619387,1,4,12104,2,4,1,1,2,1,3,3,8.54,0,2,4,17,718485,269000000000.0,9569562017,18,12
79,0,1,0,0,1,0,3,0,0,1331178,60,1,0,34,1,731,0,16401.0,1,16401,0,0,1,1,132577,0,4,0,2,3,1,1,1,215,0,4,100.0,2,2,0,5,989111,30453194337.0,9504793036,1,15
80,0,4,0,1,1,0,1,71887,0,2103506,300,0,2,23,0,727,862644,0.217,3,15603,1,1,2,1,2893503,0,4,28636,4,6,1,1,3,0,3,3,2.438,2,2,9,24,265419,873000000000.0,9124938430,4,4
81,0,13,1,1,1,0,1,112111,0,797002,60,1,2,35,0,692,1345332,0.187,1,20958,0,0,1,1,3789820,1,2,43735,1,2,1,1,2,64,2,0,0.592,1,2,3,26,392193,871000000000.0,9758030468,13,2
82,0,32,0,1,1,1,1,5000,0,1843844,180,1,2,40,1,707,60000,6.075,1,30377,1,0,0,1,447586,0,2,5000,4,5,1,1,1,215,4,4,30.731,2,2,8,14,391067,635000000000.0,9541107609,32,1
83,0,40,1,1,0,1,2,3000,0,9232797,300,0,2,46,1,663,36000,6.378,3,19134,2,1,0,5,0,0,1,2000,3,3,1,1,0,159,4,3,256.467,1,3,9,12,396555,174000000000.0,9179110065,40,8
84,0,33,0,1,1,0,1,28345,0,405613,48,0,0,31,1,527,340140,0.874,5,24773,1,0,2,1,1606042,0,1,7300,1,1,1,0,2,0,4,1,1.192,1,3,6,3,838042,705000000000.0,9619639907,33,13
85,0,12,1,0,1,0,1,7914,0,477651,36,1,2,32,1,619,94968,6.675,0,52827,0,0,0,1,558046,0,4,3593,0,0,1,1,4,221,4,4,5.03,1,3,1,25,756583,992000000000.0,9091939284,12,12
86,0,18,0,1,0,0,1,89966,0,880759,36,0,2,30,0,772,1079592,0.0,0,0,0,2,0,1,2335973,0,4,45795,1,0,1,1,3,0,4,4,0.816,2,2,7,28,730003,972000000000.0,9549822749,18,1
87,0,1,0,1,0,0,1,101852,0,116123,60,1,0,30,0,733,1222224,0.205,5,20837,1,0,1,1,3651599,0,4,42994,0,3,1,1,2,221,2,3,0.095,2,2,9,6,489430,89203880653.0,9331537795,1,1
88,0,23,1,0,0,1,3,7607,5711,294147,48,1,2,39,0,739,159816,0.0,5,0,0,0,2,1,599683,0,1,2000,0,3,0,1,3,0,1,2,1.841,0,3,3,26,227882,652000000000.0,9933756362,23,16
89,0,0,1,0,0,0,2,62582,17966,1760927,120,1,0,43,0,717,966576,0.406,3,32709,1,0,2,5,3441991,0,0,38696,2,6,1,0,1,0,3,1,1.822,1,2,8,14,673759,151000000000.0,9033423425,0,4
90,0,0,1,1,1,0,1,62827,0,1680583,240,0,1,42,0,595,753924,0.285,1,17904,0,0,3,1,2749297,1,2,38819,1,3,1,1,2,1,2,1,2.229,2,2,0,20,116628,302000000000.0,9735528961,0,15
91,0,12,1,1,1,1,2,3000,884,7488424,240,1,1,38,1,654,46608,2.864,3,11123,1,0,1,3,278512,0,4,3884,3,5,1,1,1,221,2,3,160.668,1,3,6,3,438006,339000000000.0,9384253042,12,3
92,0,24,1,0,2,1,1,21109,0,5195804,300,1,0,39,0,625,253308,0.052,3,1105,1,0,1,1,760027,1,2,9452,2,1,1,1,1,1,3,2,20.512,0,2,3,26,264446,318000000000.0,9725587774,24,13
93,0,38,0,1,1,1,1,45652,0,75912,60,1,2,31,0,710,547824,0.0,6,0,1,0,5,1,1698916,0,4,23293,1,2,1,1,2,0,3,2,0.139,2,2,3,13,451936,33373634669.0,9254812147,38,3
94,0,1,1,1,2,0,1,60198,0,275004,24,0,1,41,0,576,722376,0.066,5,3989,0,0,4,1,2784688,0,4,25488,2,6,1,0,1,1,4,3,0.381,1,2,8,14,190452,908000000000.0,9754602734,1,8
95,0,0,1,0,0,1,0,8922,4127,1585878,36,1,0,56,0,630,156588,1.323,0,17269,2,0,3,1,615629,0,0,4956,3,0,1,1,4,0,1,3,10.128,0,2,8,14,29679,489000000000.0,9835354443,0,17
96,0,39,0,1,0,1,1,69615,29461,1163926,240,1,0,40,0,615,1188912,0.113,1,11165,0,0,1,1,2963600,0,4,38182,2,6,1,1,4,0,1,3,0.979,0,3,5,1,402223,44566907826.0,9333738987,39,2
97,0,18,1,0,2,1,1,99781,0,4690235,360,0,0,29,1,631,1197372,0.0,3,0,1,1,9,1,3707466,1,2,41590,3,2,1,1,0,0,0,3,3.917,0,2,8,14,566336,537000000000.0,9240755366,18,13
98,0,24,0,1,3,0,2,83511,0,2303560,300,1,1,54,0,680,1002132,0.287,3,23992,1,0,1,5,2202565,0,1,38503,1,6,1,1,2,217,0,2,2.299,0,2,5,1,702935,591000000000.0,9663618637,24,15
99,0,17,1,0,1,1,2,3000,1812,336988,36,0,0,27,1,553,57744,4.305,5,20718,1,1,2,0,0,0,4,2000,3,5,1,1,2,1,1,3,5.836,1,2,8,10,242135,741000000000.0,9316433481,17,2
100,0,4,1,0,2,0,1,82923,0,9177416,240,0,2,27,1,579,995076,0.464,3,38505,2,0,1,1,3287485,0,0,36546,2,3,1,1,1,158,2,3,9.223,2,2,4,22,517996,803000000000.0,9163234672,4,7
101,0,18,1,0,3,0,1,106418,50764,4746311,240,1,2,41,0,750,1886184,0.01,3,1554,2,0,6,1,5521703,0,4,66712,2,2,1,1,0,1,1,3,2.516,1,2,3,11,821527,874000000000.0,9597779014,18,2
102,0,0,0,1,0,0,2,32371,0,389347,180,1,0,43,0,694,388452,0.872,1,28239,2,0,1,1,1211445,0,2,12984,0,3,1,1,0,221,4,0,1.002,1,2,8,10,199138,469000000000.0,9916032484,0,8
103,0,9,1,1,0,0,3,13956,0,1768962,36,1,1,26,1,612,167472,2.304,0,32155,0,0,0,1,208396,0,4,11815,4,1,1,1,2,9,2,0,10.563,0,3,0,5,122325,682000000000.0,9380701765,9,13
104,0,31,1,0,2,0,1,86493,0,160307,300,1,2,44,0,703,1037916,0.0,3,0,3,0,2,1,3639721,0,4,33931,2,1,1,1,1,0,3,4,0.154,0,2,0,5,43935,4125777118.0,9372742209,31,15
105,0,0,1,1,2,0,1,74888,33902,308053,24,1,0,39,0,633,1305480,0.195,2,21234,1,0,1,1,4562141,0,4,32021,2,0,1,1,3,216,4,4,0.236,2,2,6,4,96699,186000000000.0,9083708164,0,2
106,0,0,1,0,2,0,0,43718,58043,1539936,120,1,0,45,0,755,1221132,0.195,1,19872,0,0,6,1,3423977,0,4,41478,0,2,1,1,4,215,0,0,1.261,2,2,4,19,175523,6335331060.0,9053131220,0,11
107,0,5,1,1,0,0,1,98367,0,7028930,300,1,1,34,0,652,1180404,0.125,3,12252,2,0,3,1,3234093,1,4,45088,4,6,1,1,0,221,1,4,5.955,0,1,5,15,543973,558000000000.0,9155206506,5,9
108,0,28,1,0,0,1,3,7781,0,4198231,300,1,2,35,1,678,93372,2.04,3,15877,0,0,0,1,0,0,3,3685,0,5,1,1,0,221,0,4,44.962,2,0,1,0,672918,150000000000.0,9892419562,28,1
109,0,32,0,1,0,0,1,59898,84954,2271038,180,1,2,44,0,811,1738224,0.0,1,0,1,0,0,1,5147727,0,4,60148,0,3,1,1,4,47,0,4,1.307,2,2,6,16,911631,572000000000.0,9903091436,32,10
110,0,31,1,0,1,1,1,79239,0,467440,48,1,0,39,0,690,950868,0.365,0,28951,1,0,5,1,3001532,0,2,45484,3,4,1,1,1,221,3,0,0.492,2,2,3,11,807634,25743263039.0,9752450864,31,16
111,0,38,0,1,0,0,1,92625,0,339839,24,1,2,27,0,701,1111500,0.27,2,24993,2,0,4,1,3411668,1,2,50240,2,3,1,1,4,221,4,2,0.306,0,2,0,23,288309,553000000000.0,9270171302,38,9
112,0,26,1,0,0,1,2,3000,0,69275,48,0,2,47,1,560,36000,5.757,5,17272,1,0,2,1,321548,1,3,2000,3,2,1,1,1,1,1,3,1.924,1,4,6,3,519624,298000000000.0,9362934497,26,9
113,0,9,0,0,2,1,2,87579,44170,673923,24,1,0,35,0,633,1580988,0.0,4,0,1,0,4,1,5027671,0,2,62825,2,2,1,1,1,1,0,0,0.426,1,3,9,6,673786,157000000000.0,9706614982,9,4
114,0,14,1,1,2,1,1,5000,889,1964891,360,1,1,18,0,762,70668,0.0,3,0,0,0,5,1,0,0,4,4521,2,6,1,0,2,221,0,3,27.805,2,4,6,4,679935,675000000000.0,9732300857,14,13
115,0,13,1,1,0,0,1,37290,12518,6346069,360,0,2,47,1,598,597696,0.926,3,46120,1,0,4,1,2653011,1,2,33595,1,1,1,1,3,1,0,4,10.618,1,2,7,28,803306,567000000000.0,9364587506,13,11
116,0,31,1,0,1,0,2,78237,0,2215952,240,1,2,44,0,726,938844,0.299,1,23377,1,0,3,3,3274240,0,3,40573,2,0,1,1,0,46,2,4,2.36,1,2,0,20,718308,705000000000.0,9920116691,31,3
118,0,13,1,1,0,1,1,57893,0,461125,24,1,1,39,0,788,694716,0.0,2,0,1,0,3,1,2418472,0,1,21461,4,6,1,0,2,216,0,4,0.664,0,2,4,17,526650,169000000000.0,9728179323,13,0
119,0,18,1,0,0,0,2,90460,31468,1975833,240,1,2,36,0,657,1463136,0.263,3,32012,1,0,3,0,3480287,0,2,44498,2,1,1,1,2,96,0,2,1.35,1,2,6,3,962018,468000000000.0,9150937710,18,0
120,0,38,0,1,1,0,2,3000,0,803228,60,1,0,22,1,675,36000,8.88,1,26640,1,0,0,2,0,0,2,2000,1,1,0,1,1,221,0,1,22.312,2,2,9,12,563748,901000000000.0,9596555535,38,13
121,0,1,0,0,3,1,3,27595,3572,4112244,120,1,1,21,1,672,374004,1.187,3,36987,0,0,0,1,1364091,1,3,5268,0,2,1,1,0,221,1,1,10.995,0,2,7,8,750606,551000000000.0,9357978630,1,1
122,0,30,0,1,0,0,3,6348,0,6681444,360,1,0,23,1,713,76176,4.334,3,27510,1,0,1,1,0,0,4,6348,1,1,1,1,0,221,3,3,87.711,1,1,4,19,368965,506000000000.0,9716493289,30,3
123,0,23,1,1,2,0,2,70367,0,9662481,360,1,0,27,0,680,844404,0.456,3,32079,3,0,0,0,1957704,1,0,32636,4,3,1,1,0,221,1,0,11.443,0,3,4,17,547488,715000000000.0,9321160256,23,5
124,0,4,0,0,0,1,3,13036,3627,1753165,360,1,1,33,1,616,199956,1.885,1,31406,1,0,5,1,501634,0,4,4166,4,5,1,1,2,221,4,3,8.768,1,2,0,23,48405,471000000000.0,9566863341,4,7
125,0,27,1,1,1,1,1,39715,0,3547851,120,1,0,36,0,734,476580,0.152,3,6025,0,0,11,1,1855274,0,3,25374,3,6,1,1,0,106,0,3,7.444,0,1,2,2,348752,159000000000.0,9409836655,27,17
126,0,2,1,0,0,0,1,47474,0,1251789,60,1,0,21,0,639,569688,0.603,0,28633,0,0,0,1,2131642,0,0,4739,0,4,1,0,0,214,0,4,2.197,0,3,5,9,927551,993000000000.0,9772942095,2,7
127,0,27,0,1,1,1,3,8343,0,1337870,60,1,0,31,1,645,100116,2.742,0,22877,2,0,2,1,416645,0,2,2655,1,6,0,1,1,5,0,0,13.363,0,1,5,9,658815,150000000000.0,9302764208,27,13
128,0,24,0,1,2,0,1,25098,0,5406207,300,1,1,26,0,644,301176,0.0,3,0,2,0,0,1,637197,0,1,8112,3,0,1,1,4,134,0,4,17.95,1,2,8,21,334631,757000000000.0,9259047292,24,2
129,0,33,0,1,0,1,2,88024,0,2107245,360,1,2,28,0,606,1056288,0.502,1,44230,1,0,0,3,4373888,0,3,40718,1,1,1,1,2,44,2,2,1.995,1,3,1,25,635544,233000000000.0,9015720185,33,11
130,0,38,0,0,0,1,2,64266,0,5297379,300,1,0,46,0,676,771192,0.033,3,2129,0,0,7,5,2421046,1,4,29410,2,2,1,1,2,221,2,3,6.869,1,2,6,16,545919,630000000000.0,9764750111,38,15
131,0,31,1,1,1,0,2,18689,0,433272,48,1,0,27,1,636,224268,1.527,0,28542,0,0,3,3,1110827,0,2,15773,0,6,1,1,3,221,2,1,1.932,1,2,1,27,559966,831000000000.0,9764921518,31,14
132,0,31,0,0,1,0,1,18715,3615,7823773,300,1,2,32,1,704,267960,0.908,3,20285,0,0,1,1,706040,0,4,17442,3,1,1,0,4,1,3,3,29.198,2,2,7,8,427822,689000000000.0,9292087510,31,17
133,0,39,1,0,3,0,3,12751,0,1909417,300,1,1,36,1,733,153012,1.117,3,14237,1,0,0,1,1370120,0,4,2000,0,6,1,1,4,95,3,4,12.479,2,3,3,11,833520,218000000000.0,9603408487,39,17
134,0,15,1,1,2,1,1,21744,34022,603278,12,1,1,39,0,672,669192,0.485,6,27042,1,0,1,1,1386695,0,4,24764,3,1,1,1,4,1,4,4,0.902,2,1,3,26,443319,586000000000.0,9243298395,15,5
135,0,29,1,0,0,0,1,60739,0,386677,24,1,1,18,0,734,728868,0.055,5,3328,0,0,1,1,2803512,0,2,27009,1,1,1,1,0,191,1,4,0.531,1,3,6,16,782244,962000000000.0,9628314359,29,3
136,0,38,0,1,0,0,3,4891,4430,303506,36,0,1,34,0,597,111852,0.063,0,591,1,0,1,1,0,0,4,7572,4,3,1,0,3,0,4,0,2.713,0,2,3,11,888330,626000000000.0,9186151554,38,17
137,0,1,0,0,0,0,1,63247,7593,1207744,240,0,2,49,0,552,850080,0.216,1,15284,2,0,8,1,2662872,0,2,35341,3,6,1,1,4,215,2,1,1.421,0,2,0,5,385578,16361128497.0,9185948491,1,0
138,0,17,0,1,3,0,1,37434,0,172916,48,0,0,45,0,641,449208,0.179,0,6710,0,1,2,1,1222424,0,0,11517,2,2,1,0,4,0,1,2,0.385,1,2,6,4,574243,626000000000.0,9822269405,17,10
139,0,1,0,1,2,0,0,26101,0,332724,24,1,0,30,0,695,313212,0.0,2,0,0,0,1,1,775724,0,4,10052,3,2,1,1,2,72,1,4,1.062,2,2,3,26,940697,728000000000.0,9146511131,1,14
140,0,24,1,0,3,0,1,26186,0,181219,12,1,0,48,0,642,314232,0.492,4,12875,1,0,4,1,958233,0,4,3127,3,5,1,1,3,1,3,0,0.577,2,2,3,11,991017,149000000000.0,9160930685,24,10
141,0,31,1,1,0,0,1,38286,14288,674466,240,1,1,37,0,683,630888,0.611,3,32146,0,0,3,1,2152437,0,1,16370,1,3,1,1,3,1,0,3,1.069,2,2,5,9,993102,910000000000.0,9506762515,31,10
142,0,31,1,1,0,0,2,3000,0,7782222,360,0,2,27,1,564,36000,0.0,3,0,0,0,0,5,488652,0,1,2000,4,5,1,1,1,0,3,2,216.173,1,2,5,15,962342,447000000000.0,9079705097,31,1
143,0,31,0,1,0,0,1,83264,91286,518900,48,0,1,26,0,522,2094600,0.0,0,0,2,0,0,1,5448797,1,4,75889,3,1,1,1,4,221,2,2,0.248,0,2,9,6,878943,105000000000.0,9882617024,31,10
144,0,25,1,1,0,0,1,33075,0,1981191,120,0,1,38,0,568,396900,0.246,3,8120,2,0,3,1,1573604,1,4,11598,3,5,1,1,2,221,4,0,4.992,0,3,1,25,393971,546000000000.0,9560531340,25,17
145,0,31,1,1,0,0,2,90515,0,5657331,180,0,2,42,1,551,1086180,0.183,3,16542,2,0,7,0,3787904,1,4,32771,1,4,1,1,3,1,1,2,5.208,1,2,7,28,373140,502000000000.0,9568621102,31,17
146,0,2,1,1,1,0,1,79125,0,1263218,180,1,0,45,0,711,949500,0.248,3,19628,0,0,3,1,2659722,1,0,36989,2,4,1,1,0,1,2,3,1.33,2,3,8,10,841976,30569067447.0,9163928234,2,15
147,0,38,0,1,2,0,2,44700,0,3690921,180,1,0,18,0,654,536400,0.0,3,0,0,0,0,4,1773130,0,3,18809,2,2,1,0,4,0,0,4,6.881,1,2,9,24,848860,364000000000.0,9126043260,38,9
148,0,38,1,0,1,0,1,69520,0,175079,12,1,0,41,0,740,834240,0.411,6,28590,1,0,4,1,2133044,0,3,27675,0,5,1,1,1,1,0,3,0.21,2,2,2,2,742872,668000000000.0,9041454563,38,1
149,0,4,1,1,0,0,2,82078,113952,4941593,240,1,1,40,0,683,2352360,0.162,3,31726,2,0,3,1,6707420,0,3,94025,1,2,0,1,0,0,4,2,2.101,2,2,4,17,921803,534749162.0,9475541108,4,17
150,0,18,1,0,0,0,1,54662,0,263722,36,0,1,24,0,580,655944,0.094,5,5112,0,0,0,1,1124159,0,2,32515,4,5,1,1,3,0,2,3,0.402,0,2,8,21,858661,599000000000.0,9291093371,18,8
151,0,27,1,1,0,0,1,29035,0,3489330,300,1,2,44,0,704,348420,0.0,3,0,0,0,0,1,880540,0,3,10494,0,0,1,1,3,1,3,0,10.015,2,1,5,9,415357,547000000000.0,9855716176,27,3
152,0,1,1,0,2,0,2,45863,69187,1095602,360,1,1,39,0,652,1380600,0.164,1,18909,0,0,10,1,4912636,0,3,43875,3,1,0,1,4,215,0,2,0.794,0,2,5,15,19457,294000000000.0,9812786866,1,5
153,0,24,1,0,0,0,1,82034,0,326328,60,1,2,29,0,623,984408,0.039,5,3208,0,0,5,1,2914613,0,1,42622,3,4,0,1,2,221,0,2,0.331,2,2,0,20,123258,29390878844.0,9344812308,24,10
154,0,33,1,0,1,0,1,77573,106595,9201199,300,1,0,33,0,657,2210016,0.142,3,26084,0,0,0,1,6227564,1,4,80184,1,3,1,1,4,0,4,2,4.163,0,3,9,12,748241,242000000000.0,9551842694,33,1
155,0,18,1,1,0,0,1,53917,0,8070591,180,0,2,37,1,662,647004,1.059,3,57073,0,1,5,1,1713738,1,4,23169,3,6,1,1,2,0,1,3,12.474,1,2,4,19,797745,53424089164.0,9983735439,18,13
156,0,31,1,1,1,0,1,53275,21935,690038,36,1,0,53,0,664,902520,0.34,2,25580,0,0,0,1,2776625,1,1,31205,1,5,1,1,1,1,2,2,0.765,0,2,6,4,503390,365000000000.0,9972404226,31,9
157,0,12,2,1,2,1,1,25232,0,180515,36,1,0,18,0,678,302784,1.449,5,36558,1,0,0,1,1049353,0,4,17751,1,6,1,0,1,0,2,2,0.596,1,3,2,2,896477,164000000000.0,9601002314,12,17
158,0,32,1,1,0,1,3,3345,0,65224,24,0,0,42,1,529,40140,11.316,5,37853,1,0,1,1,0,0,4,3198,3,1,1,1,3,0,4,1,1.625,0,2,3,11,812520,18513279724.0,9572308481,32,16
159,0,18,1,1,0,0,1,23065,0,2214884,240,1,1,47,0,635,276780,1.143,3,26355,1,0,0,1,524678,1,1,5932,1,0,1,1,2,0,3,0,8.002,0,2,4,17,760951,842000000000.0,9254361721,18,10
160,0,1,1,0,1,1,1,58019,0,5582155,240,1,0,28,0,609,696228,0.042,3,2412,0,0,2,1,3048867,1,4,19994,3,5,1,1,2,217,4,2,8.018,1,2,2,18,494644,520000000000.0,9859262494,1,12
161,0,17,1,0,0,0,1,10922,14292,498240,48,1,1,35,0,657,302568,0.643,2,16224,0,0,0,1,1081536,0,4,6738,1,0,1,1,1,1,1,3,1.647,2,2,2,18,207838,754000000000.0,9119642152,17,14
162,0,38,0,1,1,0,3,17204,0,1297315,180,1,2,42,0,625,206448,0.012,1,205,1,0,0,1,542074,0,2,14687,0,5,1,1,2,0,4,3,6.284,2,2,7,28,625804,577000000000.0,9788788361,38,11
163,0,4,1,1,0,0,2,31741,0,448837,48,0,2,39,0,575,380892,0.0,4,0,0,0,0,2,1637795,0,2,11348,1,1,1,1,3,168,1,4,1.178,1,2,5,9,799815,314000000000.0,9055247286,4,10
164,0,0,1,1,1,0,1,29358,17446,4609632,300,1,2,39,0,704,561648,0.153,3,7149,3,0,3,1,2421967,0,4,27719,2,0,1,1,4,122,1,3,8.207,0,2,0,20,574074,21260650191.0,9792025213,0,8
165,0,31,1,0,1,0,1,37976,0,906927,360,1,2,36,1,617,455712,0.561,1,21294,2,0,1,1,1533439,0,4,17452,4,1,1,1,2,221,3,1,1.99,0,2,4,19,715758,623000000000.0,9412009282,31,16
166,0,38,1,0,1,1,3,9510,0,3467561,180,0,1,31,1,468,114120,1.491,3,14181,1,0,3,1,0,0,3,9510,1,5,1,1,3,221,0,2,30.385,1,2,7,28,872548,785000000000.0,9623690362,38,4
167,0,24,1,0,1,1,1,38163,33289,140612,48,0,0,40,1,530,857424,0.951,5,67962,0,0,5,1,2626124,0,0,34020,2,2,1,1,2,180,2,2,0.164,2,2,3,11,834926,776000000000.0,9115950342,24,4
168,0,12,0,0,0,1,3,5936,0,3865315,300,0,1,38,1,593,71232,2.211,3,13126,3,0,1,1,232351,1,4,2000,3,5,1,1,4,221,0,1,54.264,0,3,2,2,158715,390000000000.0,9909700514,12,16
169,0,31,1,0,0,0,1,56150,21889,2529882,60,1,1,46,0,605,936468,0.0,1,0,0,0,0,1,1923869,0,2,37475,0,4,1,1,4,215,4,0,2.702,1,2,8,21,368259,684000000000.0,9820967904,31,14
170,0,24,1,1,0,0,2,44672,10878,5958898,360,0,1,35,1,586,666600,0.445,3,24700,1,1,0,1,1908303,0,4,19485,4,2,1,1,4,217,3,0,8.939,1,2,6,16,956933,711000000000.0,9725459606,24,10
171,0,17,1,1,1,0,2,48502,29774,468504,240,1,2,56,0,689,939312,0.0,1,0,1,0,1,1,3268711,0,4,40524,1,3,1,1,1,1,1,4,0.499,0,2,0,23,392892,913000000000.0,9175242149,17,12
172,0,31,1,0,0,0,3,9289,0,536378,12,0,2,32,1,553,111468,2.65,4,24618,0,0,0,1,994496,0,4,2000,3,0,1,1,0,221,0,3,4.812,0,2,8,14,826942,127000000000.0,9546692758,31,1
173,0,1,1,0,2,0,1,5000,0,196263,12,1,2,31,0,640,60000,0.114,5,571,2,0,0,1,287447,1,3,2000,1,2,1,1,0,0,1,0,3.271,2,2,8,14,145858,687000000000.0,9462961367,1,8
174,0,32,1,1,2,0,1,31788,7278,1227711,36,1,2,44,0,644,468792,0.384,0,15014,1,0,1,1,652939,0,4,17558,3,2,1,1,1,2,4,4,2.619,1,2,8,21,692629,787000000000.0,9155973714,32,2
175,0,17,0,1,2,1,1,60452,0,2693644,360,1,0,46,0,623,725424,0.064,1,3893,2,0,1,1,2111241,0,3,23493,4,1,1,1,4,215,4,4,3.713,0,2,4,19,495951,272000000000.0,9730306442,17,8
176,0,24,1,1,0,0,1,89928,0,586757,360,1,1,48,0,715,1079136,0.67,3,60285,2,0,0,1,3222187,0,2,39955,4,5,1,1,4,217,3,2,0.544,1,2,6,3,842642,461000000000.0,9654235677,24,4
177,0,38,1,1,1,0,3,13267,13309,580158,36,1,2,24,0,646,318912,1.441,0,38291,0,0,0,1,1225550,1,2,14100,3,3,1,1,1,221,2,1,1.819,2,2,6,16,89520,660000000000.0,9550272751,38,11
178,0,25,0,0,2,1,2,58219,55846,1773731,180,1,2,38,0,670,1368780,0.362,3,41285,0,0,5,3,5113977,1,2,57782,2,4,1,1,3,0,0,1,1.296,0,3,9,24,9272,72791033682.0,9963533905,25,12
179,0,32,0,0,1,0,1,34349,1205,1590182,120,0,1,18,1,599,426648,0.351,1,12462,1,0,2,1,1555337,0,3,15025,2,5,1,1,2,0,1,4,3.727,1,2,4,22,7400,482000000000.0,9512765289,32,14
180,0,17,1,0,0,0,2,28789,10732,133527,24,1,1,30,0,711,474252,0.735,5,29029,1,0,0,3,930259,1,4,18777,1,1,1,1,4,1,4,4,0.282,1,2,5,1,101978,646000000000.0,9179817890,17,7
181,0,0,1,0,0,0,1,67404,0,199368,60,1,2,30,0,747,808848,0.0,4,0,2,0,3,1,2456191,0,4,26594,4,5,1,1,2,164,3,4,0.246,1,2,7,8,319866,379000000000.0,9053844446,0,10
182,0,4,1,1,0,0,1,56580,0,1084311,240,1,1,26,0,716,678960,0.415,1,23473,0,0,5,1,1899791,0,4,25006,1,3,1,0,1,1,2,2,1.597,2,2,4,22,699082,258955296.0,9386396096,4,17
183,0,18,1,0,0,0,2,51148,5414,292157,60,1,2,35,0,669,678744,0.261,2,14747,0,0,5,1,1891213,0,2,23644,1,5,1,1,0,0,0,3,0.43,0,2,7,8,945359,658000000000.0,9482531106,18,16
184,0,1,0,1,2,0,3,8522,0,80275,60,1,1,35,1,722,102264,5.094,6,43410,0,0,3,1,691917,0,4,3174,0,6,1,1,1,221,0,1,0.785,0,2,3,11,264540,98196027523.0,9343836404,1,8
185,0,29,1,1,0,0,2,74437,0,957628,48,0,2,50,0,555,893244,0.375,0,27883,1,0,1,0,2300500,0,1,28645,2,0,1,1,4,221,2,0,1.072,1,3,6,16,129941,91179112442.0,9117536170,29,11
186,0,24,1,1,0,1,1,75000,0,470717,48,1,0,33,0,790,900000,0.49,0,36773,1,0,1,1,2848527,0,2,41845,2,6,1,0,4,13,4,0,0.523,0,2,2,18,845534,137000000000.0,9901557998,24,16
187,0,38,1,0,2,0,1,28635,0,139709,240,0,2,28,0,604,343620,0.0,1,0,1,2,0,1,1601674,1,3,10674,2,3,1,1,4,0,1,1,0.407,2,2,6,16,572927,414000000000.0,9130523124,38,5
188,0,0,1,0,0,0,1,18061,7377,371895,36,1,2,43,0,649,305256,0.262,5,6667,1,0,6,1,1557815,0,2,2000,2,2,1,1,0,1,0,3,1.218,2,2,1,0,374175,158000000000.0,9346199423,0,6
189,0,13,1,1,0,0,0,26767,7561,5448068,300,1,0,32,0,660,411936,0.0,3,0,0,0,1,1,1634729,0,4,6150,3,0,0,1,1,221,0,1,13.226,1,2,7,28,257825,695000000000.0,9517208496,13,7
190,0,38,0,0,0,1,0,25371,14447,4557441,240,1,1,27,0,609,477816,0.51,3,20303,0,0,5,1,1402263,0,4,17029,1,4,1,1,3,221,2,3,9.538,0,2,3,13,239966,856000000000.0,9355251050,38,1
191,0,1,1,1,2,0,2,67152,0,1191071,360,1,0,36,0,701,805824,0.0,1,0,1,0,3,1,1632007,0,1,40011,4,2,1,1,4,215,2,2,1.478,0,2,0,5,884037,954000000000.0,9849196655,1,9
192,0,1,1,0,0,0,1,16035,0,1760791,240,0,0,43,1,504,192420,0.0,3,0,2,0,3,1,187713,0,4,8231,1,5,1,1,0,0,0,0,9.151,2,2,0,20,881647,770000000000.0,9639040907,1,7
193,0,13,0,0,0,0,1,64258,52425,3945464,360,1,1,37,0,606,1400196,0.284,3,33183,1,0,0,1,3483825,0,0,41981,0,1,1,1,0,111,2,3,2.818,1,2,6,4,710226,88050171644.0,9556185790,13,13
194,0,32,0,1,0,1,1,40747,0,8140024,240,1,0,36,0,723,488964,0.741,3,30204,1,0,13,1,2015218,0,1,22109,2,2,1,1,4,221,1,1,16.647,0,2,9,24,15577,772000000000.0,9563213580,32,0
195,0,24,1,1,2,0,1,38720,50295,381143,12,0,2,43,0,531,1068180,0.125,5,11155,1,0,1,1,3445518,1,2,32585,4,2,1,1,1,221,0,1,0.357,2,2,9,12,862138,104000000000.0,9712529671,24,3
196,0,24,0,1,1,0,2,35625,9904,961374,60,0,2,46,0,491,546348,0.0,0,0,0,0,0,1,2660078,0,4,24343,3,3,1,1,1,0,1,2,1.76,0,2,5,15,294886,977000000000.0,9833117030,24,9
197,0,18,1,1,2,1,1,119153,0,1768274,120,0,2,61,1,384,1429836,0.0,1,0,2,3,0,1,4058029,0,4,46657,4,0,1,0,0,36,4,3,1.237,0,2,1,25,80621,372000000000.0,9812356798,18,9
198,0,13,0,1,0,0,2,77648,0,279140,24,1,0,33,0,640,931776,0.03,5,2305,2,0,1,1,1686154,0,1,33244,1,6,1,1,2,0,0,2,0.3,2,2,7,8,548468,146000000000.0,9072407875,13,5
199,0,18,0,0,0,0,1,74894,60793,362171,12,0,1,18,0,663,1628244,0.0,5,0,0,1,0,1,5224847,0,2,64042,3,5,1,1,4,1,4,4,0.222,1,2,2,7,325135,156000000000.0,9451066343,18,13
200,0,4,1,0,0,0,1,45852,0,712798,36,1,1,37,0,630,550224,0.0,0,0,3,0,1,1,1102471,0,1,26106,3,5,1,1,1,22,1,2,1.295,2,2,6,16,789417,490000000000.0,9009431814,4,10
201,0,3,1,0,2,0,1,82095,0,4856445,120,1,2,28,0,617,985140,0.1,3,8233,1,0,2,1,3296154,1,3,40267,0,6,1,1,2,126,0,1,4.93,0,4,3,13,219241,666000000000.0,9940128974,3,10
202,0,4,0,1,0,0,0,9539,0,382554,36,1,0,33,1,678,114468,1.124,0,10718,1,0,7,1,672285,0,2,3944,0,6,1,1,2,221,2,0,3.342,0,2,6,4,296531,123000000000.0,9412095790,4,6
203,0,17,1,0,0,0,1,27179,0,2846643,240,1,1,45,0,651,326148,0.0,1,0,2,0,6,1,702953,0,4,17682,0,2,0,1,3,221,0,2,8.728,2,2,0,5,347237,101000000000.0,9457758474,17,12
204,0,2,1,0,3,0,2,3000,0,1632186,240,1,0,44,1,679,36000,4.235,1,12705,0,0,3,5,0,0,2,3000,4,5,1,1,0,1,4,2,45.339,2,3,1,0,330489,546000000000.0,9325703965,2,9
205,0,24,0,1,1,0,1,43892,0,386859,24,0,2,35,0,572,526704,0.73,6,32049,3,0,11,1,1281906,0,4,18255,2,3,1,1,1,1,4,1,0.734,1,2,2,2,471328,615000000000.0,9644309859,24,15
206,0,38,0,1,0,0,1,52605,0,816302,180,1,2,31,0,660,631260,0.576,1,30285,1,0,0,1,2719504,0,2,24162,1,6,1,1,0,0,1,3,1.293,2,2,7,28,274529,954000000000.0,9824741407,38,0
207,0,1,0,1,3,0,2,42488,21530,94480,36,0,2,55,0,572,768216,0.083,5,5282,2,0,0,4,2947889,1,4,22952,3,5,1,1,3,0,1,0,0.123,0,2,0,5,54024,911000000000.0,9548821423,1,11
208,0,1,0,1,2,0,1,65997,0,36822,24,1,1,42,0,721,791964,0.344,5,22727,1,0,2,1,1367222,0,4,15537,3,6,1,1,0,219,0,0,0.046,1,2,3,11,998910,431000000000.0,9942965923,1,5
209,0,13,1,0,0,1,1,86670,0,673881,36,1,0,18,0,627,1040040,0.0,0,0,1,0,1,1,2884462,0,0,41794,3,0,1,1,3,0,1,0,0.648,1,2,6,4,734230,834000000000.0,9128758575,13,11
210,0,32,1,1,3,1,1,61706,36525,304338,12,1,1,32,0,690,1178772,0.0,5,0,1,0,0,1,4044630,1,4,40203,0,5,1,0,0,0,4,4,0.258,0,2,1,25,989175,671000000000.0,9852989406,32,17
211,0,4,0,0,2,0,1,69719,0,5789242,180,1,2,35,0,669,836628,0.193,3,13448,1,0,3,1,1970236,1,4,37813,3,6,1,0,0,217,0,1,6.92,1,2,7,8,423638,787000000000.0,9975019803,4,3
212,0,2,1,0,0,0,0,24431,0,1147638,36,1,0,38,0,681,293172,0.0,0,0,0,0,7,1,813184,0,4,6929,2,5,1,1,0,221,0,4,3.915,1,3,6,16,187142,723000000000.0,9029181331,2,6
213,0,9,0,1,1,0,2,56612,67190,5868560,360,1,0,36,0,665,1485624,0.0,3,0,0,0,3,2,5011958,0,2,56283,4,2,1,1,4,217,1,0,3.95,1,3,4,19,811593,760000000000.0,9791620223,9,14
214,0,34,0,0,0,0,1,67738,0,423550,12,0,1,47,0,538,812856,0.1,5,6760,0,0,5,1,2053887,1,3,31225,0,2,1,1,4,221,3,0,0.521,1,1,5,9,593748,838000000000.0,9617662047,34,15
215,0,0,1,0,2,0,1,59497,0,1092383,48,0,2,18,0,599,713964,0.033,0,1986,0,0,1,1,1881594,0,4,29204,4,0,1,0,4,214,0,4,1.53,2,2,3,26,551488,94097052774.0,9025883586,0,3
216,0,31,1,1,0,1,1,20634,0,7202542,360,1,1,34,0,820,247608,0.0,3,0,2,0,1,1,441840,0,3,4995,4,5,1,0,0,0,2,0,29.088,0,2,2,2,565105,260000000000.0,9792988425,31,12
217,0,38,1,0,1,0,1,56031,0,712952,36,1,0,21,0,783,672372,0.208,0,11674,3,0,0,1,2477775,0,4,30103,4,4,1,1,0,23,2,0,1.06,1,2,3,13,233903,610000000000.0,9312661094,38,15
218,0,32,1,1,0,1,2,41652,0,144316,60,1,2,39,0,822,499824,0.927,2,38631,0,0,0,1,1824383,0,1,14813,1,4,0,1,3,221,1,1,0.289,0,2,4,19,440255,176000000000.0,9833477433,32,14
219,0,38,1,1,1,0,1,58117,10481,219505,12,1,0,34,1,730,823176,0.272,4,18690,0,0,2,1,1970707,0,4,30857,0,6,1,1,4,218,2,4,0.267,0,2,7,8,153270,190000000000.0,9152873397,38,3
220,0,22,0,1,0,1,1,49289,14357,621904,36,0,0,25,0,574,763752,0.0,4,0,0,0,2,1,2164178,0,4,23807,2,5,1,1,4,221,3,1,0.814,1,4,8,21,883938,982000000000.0,9411730985,22,16
221,0,0,1,0,0,0,1,40668,0,5146217,300,1,2,25,0,680,488016,0.0,3,0,0,0,0,1,1424019,0,2,26323,3,5,1,1,2,0,3,1,10.545,1,2,0,5,30294,465000000000.0,9846908197,0,5
222,0,9,1,0,2,0,1,37447,7380,729007,36,1,0,22,0,644,537924,0.734,5,32893,1,0,11,1,1707888,0,3,25085,3,2,1,1,4,0,2,3,1.355,1,3,4,17,571639,564000000000.0,9719905169,9,8
223,0,40,0,0,1,1,1,51030,59403,76001,12,0,0,33,0,584,1325196,0.104,5,11527,1,0,3,1,4493530,0,2,49932,1,0,1,1,2,219,1,2,0.057,0,3,5,1,908767,240000000000.0,9300038960,40,4
224,0,24,1,1,1,0,1,53622,0,456192,24,1,2,20,0,828,643464,0.352,2,18851,1,0,0,1,1872990,0,4,26963,2,2,1,1,2,216,4,1,0.709,0,2,1,0,365437,663000000000.0,9535603319,24,16
225,0,32,1,1,0,0,2,41934,0,765766,180,1,2,38,0,663,503208,0.29,1,12169,3,0,7,2,1253742,0,3,19646,4,2,1,1,0,1,4,2,1.522,0,2,0,5,520968,890000000000.0,9055934296,32,6
226,0,31,1,0,1,0,1,55126,49366,916417,60,1,0,35,0,698,1253904,0.527,0,55084,2,0,3,1,3304108,0,0,48298,1,1,1,1,2,214,0,3,0.731,1,2,2,7,279248,115000000000.0,9438458810,31,12
227,0,33,1,1,0,0,2,68466,0,756218,60,1,0,29,0,670,821592,0.368,0,25179,1,0,1,1,2934766,0,4,28861,3,4,1,1,3,25,0,3,0.92,0,3,7,28,281018,413000000000.0,9037710704,33,5
228,0,17,1,1,0,1,1,71067,0,414353,24,0,1,42,1,586,852804,0.0,5,0,1,0,9,1,3319485,0,0,27047,4,0,1,1,1,219,3,2,0.486,1,2,3,26,740671,410000000000.0,9336268040,17,4
229,0,17,1,1,1,1,0,3000,0,2882679,300,1,1,38,1,643,36000,1.668,3,5005,0,0,3,1,0,0,4,2000,3,0,1,0,1,0,0,3,80.074,1,2,8,14,829371,955000000000.0,9864876998,17,5
230,0,1,0,0,1,0,1,55041,0,4827338,360,1,0,43,1,672,660492,0.0,3,0,0,0,0,1,1801671,0,2,23731,3,2,0,1,3,217,0,2,7.309,2,2,6,4,509809,732000000000.0,9609454490,1,15
231,0,2,1,0,0,0,1,65389,33483,1865495,240,1,2,39,0,715,1186464,0.353,1,34858,0,0,1,1,4252662,0,1,45754,4,0,1,1,2,221,1,3,1.572,0,3,9,24,732583,543000000000.0,9836091498,2,1
232,0,33,0,0,0,0,1,68665,0,930231,36,0,2,27,0,540,823980,0.207,0,14215,0,0,2,1,2379867,0,3,25248,4,2,1,1,3,0,3,2,1.129,1,3,2,18,183500,244000000000.0,9102879508,33,10
233,0,30,1,0,1,0,1,85104,0,4749210,300,0,1,33,1,530,1021248,0.193,3,16390,0,0,0,1,4080634,0,4,41630,0,2,1,0,4,1,3,0,4.65,0,1,4,19,497399,441000000000.0,9718133595,30,11
234,0,17,0,1,1,0,1,44299,52074,387132,24,1,0,47,0,669,1156476,0.284,5,27401,0,0,2,1,3854803,0,2,43894,3,5,1,1,0,0,4,0,0.335,1,2,2,7,339874,642000000000.0,9902504290,17,15
235,0,7,1,1,1,0,2,112331,0,377248,24,0,0,22,1,457,1347972,0.177,5,19844,2,2,1,5,4309660,0,2,59723,4,1,1,1,2,219,1,3,0.28,0,1,3,11,439337,589000000000.0,9139898681,7,3
236,0,4,1,1,1,0,2,82090,0,184882,360,0,1,30,0,571,985080,0.178,3,14639,0,0,1,3,2801005,1,4,29305,3,3,1,1,2,94,3,3,0.188,1,2,4,19,869219,789000000000.0,9537513765,4,8
237,0,24,1,0,0,0,3,18368,7590,452737,36,1,0,27,1,678,311496,1.52,2,39444,2,0,0,1,1196391,0,3,3666,1,0,1,1,4,1,2,4,1.453,2,2,8,10,621047,816000000000.0,9369294455,24,15
238,0,18,1,1,1,1,1,11148,13178,8273447,360,1,2,27,1,604,291912,0.378,3,9185,0,0,2,1,293293,0,4,13325,1,2,1,0,3,0,0,4,28.342,2,2,2,18,10159,683000000000.0,9487120602,18,8
239,0,1,1,1,0,0,0,22297,25610,103108,36,1,0,36,0,666,574884,0.125,4,5974,1,0,5,1,1242013,0,4,18969,0,2,1,1,2,1,2,0,0.179,0,2,6,16,303178,867000000000.0,9999101576,1,2
240,0,31,1,1,0,1,1,30706,12307,3958440,180,1,2,18,1,726,516156,0.707,3,30416,2,0,1,1,1099383,0,4,17981,2,1,1,1,3,217,2,2,7.669,1,2,7,28,445569,723000000000.0,9657289413,31,7
241,0,33,0,0,1,0,1,22360,21169,226034,12,1,1,37,0,756,522348,0.194,6,8441,1,0,5,1,1656835,0,4,13197,2,0,1,1,3,210,0,1,0.433,2,3,1,25,309196,98898645652.0,9203684995,33,15
242,0,32,0,1,2,1,3,14023,13021,1799951,360,0,1,28,1,542,324528,0.592,3,15999,0,0,4,1,473282,0,2,13721,0,4,1,1,2,221,1,3,5.546,2,2,8,21,499243,214000000000.0,9342138820,32,0
243,0,13,1,0,0,0,1,32514,21611,320571,12,1,0,37,0,688,649500,0.332,4,17986,0,0,3,1,1823219,1,4,14892,1,2,1,1,0,166,2,0,0.494,2,2,5,9,172761,307000000000.0,9741176741,13,17
244,0,18,1,0,0,0,1,16686,0,1409388,60,0,1,25,1,621,200232,2.288,1,38172,0,1,0,1,569886,0,3,13653,1,5,1,1,0,0,2,0,7.039,1,2,9,24,589308,151000000000.0,9150618538,18,0
245,0,12,1,1,0,0,1,48928,0,6255718,300,1,2,33,1,600,587136,0.454,3,22190,2,0,1,1,1490904,0,1,25419,0,3,1,0,3,141,4,2,10.655,2,3,4,17,67324,296000000000.0,9231830617,12,4
246,0,4,1,0,1,0,1,46140,11795,95841,48,1,0,30,0,686,695220,0.166,6,9621,1,0,0,1,2498784,0,4,24203,0,1,1,1,1,1,2,0,0.138,2,2,3,11,980397,206000000000.0,9434776958,4,6
247,0,4,1,0,1,0,1,54201,0,648052,60,1,2,25,0,670,650412,0.014,6,777,1,0,3,1,1572999,0,2,22380,4,6,1,1,4,221,2,2,0.996,2,2,9,12,966465,315000000000.0,9156277963,4,16
248,0,27,0,0,2,0,1,19520,10898,142638,12,0,2,46,0,697,365016,0.0,6,0,2,1,0,1,335563,1,4,10261,1,1,1,1,2,205,3,3,0.391,1,1,9,6,454552,836000000000.0,9640473504,27,2
249,0,32,1,0,0,0,1,40419,33009,366243,48,1,2,50,0,656,881136,0.645,5,47363,3,0,0,1,2702747,0,2,41488,4,0,1,1,4,187,4,0,0.416,2,2,7,8,536032,928000000000.0,9061558108,32,9
250,0,23,0,1,1,0,1,75757,0,7041233,300,1,1,37,0,726,909084,0.059,3,4440,1,0,6,1,3814107,0,3,25367,3,1,1,1,0,221,2,0,7.745,1,3,8,10,423410,329000000000.0,9300081867,23,0
251,0,0,1,0,1,0,1,25044,0,4475993,240,1,1,36,1,660,300528,0.619,3,15505,1,0,2,1,682276,0,4,11233,4,2,1,1,1,217,0,1,14.894,1,2,6,4,59265,403000000000.0,9118600892,0,15
252,0,31,0,0,0,1,1,35211,0,204907,36,1,1,34,0,644,422532,0.287,2,10122,1,0,1,1,938805,0,3,17553,0,5,1,1,1,221,2,1,0.485,0,2,3,26,263474,395000000000.0,9497646136,31,4
253,0,18,1,1,1,0,1,30714,0,2988394,120,1,0,25,1,670,368568,1.212,1,37232,1,0,3,1,1050197,0,4,24244,4,0,1,0,3,215,0,2,8.108,2,2,9,6,567576,488000000000.0,9390637579,18,15
254,0,31,0,1,1,0,1,34810,0,713636,48,1,2,20,0,636,417720,0.0,2,0,0,0,6,1,1942393,1,3,12306,4,6,1,1,3,78,2,0,1.708,0,2,9,6,798919,212000000000.0,9978930746,31,7
255,0,32,1,1,1,0,1,50214,36816,4408995,360,1,0,48,0,701,1044360,0.337,3,29296,1,0,1,1,3585328,0,4,34629,2,2,1,1,3,118,0,3,4.222,2,2,8,14,869544,59960438787.0,9535778811,32,11
256,0,25,1,1,0,0,1,40922,0,914159,72,1,2,40,0,702,491064,0.435,0,17799,1,0,10,1,1315754,0,4,17890,2,3,1,1,4,221,3,4,1.862,0,3,2,18,380299,203000000000.0,9287286604,25,15
257,0,32,1,0,1,0,2,3000,2120,373297,48,0,2,44,1,649,61440,3.491,2,17873,2,1,0,1,0,0,4,2000,2,6,1,1,1,74,3,3,6.076,2,2,7,28,843141,486000000000.0,9589477352,32,14
258,0,18,1,1,1,0,1,52543,38533,224179,12,1,2,34,0,684,1092912,0.322,5,29320,2,0,0,1,2782446,0,3,41561,2,4,1,1,2,1,4,1,0.205,0,2,5,9,387417,706000000000.0,9187510979,18,14
259,0,23,0,1,2,0,1,14238,0,580185,24,0,0,39,1,583,170856,2.275,2,32397,1,0,1,1,134522,1,1,10743,3,2,1,0,2,1,4,4,3.396,1,3,2,18,85579,835000000000.0,9648831921,23,9
260,0,29,1,1,0,1,1,15584,0,1553478,240,1,0,18,1,685,187008,1.314,3,20470,0,0,8,1,1610134,0,1,15584,0,2,1,1,2,1,3,3,8.307,2,3,9,12,542101,491000000000.0,9973203319,29,17
261,0,18,1,1,1,0,1,59470,0,1078150,60,1,2,49,0,636,713640,0.0,0,0,1,0,6,1,2692528,1,1,33971,2,2,1,1,2,1,2,4,1.511,2,2,6,3,217905,705000000000.0,9813866675,18,7
262,0,39,1,0,2,0,2,3000,3362,2333119,240,1,2,21,1,794,76344,6.704,3,42652,2,0,3,3,321186,0,2,2000,1,0,1,1,4,217,3,3,30.561,2,3,5,1,723434,819000000000.0,9186520575,39,11
263,0,38,0,1,1,0,1,96646,23567,525522,36,0,2,33,0,496,1442556,0.0,2,0,0,0,1,1,4949370,0,3,60236,1,5,1,1,1,0,3,4,0.364,1,2,0,23,709185,837000000000.0,9945154809,38,5
264,0,13,1,0,2,0,2,47615,0,1969454,120,1,1,30,0,796,571380,0.574,1,27334,1,0,2,1,1485258,0,1,14472,0,6,1,1,4,215,0,0,3.447,2,2,4,19,682364,476000000000.0,9727810509,13,17
265,0,4,0,1,2,1,2,3000,3028,5165081,300,1,2,34,1,652,72336,1.427,3,8602,1,0,0,1,190752,0,1,5241,0,3,1,1,4,221,0,3,71.404,0,2,6,3,344674,161000000000.0,9055295806,4,11
266,0,13,1,1,0,0,1,54286,0,2706402,360,0,0,49,1,585,651432,0.539,3,29247,0,0,2,1,1674868,0,4,21244,3,1,1,1,1,100,0,0,4.155,2,2,4,17,598834,382000000000.0,9620448515,13,2
267,0,33,0,0,3,1,2,51235,0,4275362,240,1,1,21,1,650,614820,0.743,3,38054,0,0,2,1,1261567,0,2,14721,2,2,1,1,1,116,1,3,6.954,1,3,3,13,311311,197000000000.0,9203571343,33,17
268,0,0,0,1,0,1,2,45941,0,578007,240,0,1,41,0,578,551292,0.688,1,31598,1,0,5,5,1269079,0,3,22303,4,0,0,1,4,60,0,2,1.048,1,2,9,12,500242,642000000000.0,9244741759,0,12
269,0,18,1,1,0,1,1,5000,0,2915916,240,1,1,45,0,693,60000,0.0,1,0,1,0,2,1,0,0,4,2000,3,2,1,1,4,221,0,1,48.599,2,2,8,10,400113,872000000000.0,9435884183,18,5
270,0,38,1,0,0,0,1,12540,13258,693932,300,1,0,52,0,648,309576,0.132,3,3412,0,0,5,1,1151996,0,4,12298,3,4,1,1,3,1,4,1,2.242,2,2,0,5,425979,402000000000.0,9690515026,38,6
271,0,17,1,0,0,1,2,36122,0,4125531,120,1,2,39,0,616,433464,0.0,3,0,1,0,3,1,1277754,0,4,11032,3,3,1,1,3,1,1,0,9.518,0,2,8,21,579822,125000000000.0,9996673459,17,1
272,0,6,0,1,1,0,2,58076,0,261994,48,1,1,40,0,731,696912,0.0,0,0,2,0,2,0,2170540,0,0,37739,0,3,1,1,3,221,1,0,0.376,1,3,1,27,395166,640000000000.0,9028249839,6,17
273,0,17,0,1,2,0,3,0,0,1723577,360,0,0,23,1,579,0,33083.0,1,33083,0,0,1,1,490368,0,4,0,0,1,1,1,0,1,1,2,100.0,2,2,6,16,946507,501000000000.0,9324412336,17,8
274,0,31,0,1,3,0,0,15141,0,267459,60,1,1,28,0,669,181692,0.0,4,0,1,0,7,1,186043,1,1,7713,1,5,1,0,4,1,4,2,1.472,1,2,0,20,11947,851000000000.0,9673162526,31,1
275,0,13,1,0,0,0,1,30953,0,6156409,360,1,2,45,1,632,371436,0.841,3,26039,1,0,0,1,1879475,0,1,10038,0,2,1,1,2,221,2,2,16.575,1,2,9,24,765270,697000000000.0,9355580996,13,8
276,0,33,1,1,0,1,3,7230,0,127822,60,0,2,29,1,548,86760,1.671,5,12081,0,0,0,1,389080,0,0,2000,2,1,1,0,0,178,2,2,1.473,1,3,0,20,139253,730000000000.0,9446704622,33,13
277,0,28,1,0,2,0,1,46036,10716,857370,36,1,0,36,0,633,681024,0.571,0,32430,0,0,5,1,2898625,0,2,21118,4,5,1,1,3,0,4,2,1.259,2,0,5,15,510788,715000000000.0,9707660464,28,15
278,0,0,1,0,1,0,3,0,0,383360,48,1,1,20,1,725,0,38342.0,5,38342,1,0,2,1,0,0,3,0,1,2,1,1,4,190,3,2,100.0,2,2,3,26,608997,858000000000.0,9205943897,0,11
279,0,17,1,0,0,1,1,18405,952,1588235,240,1,2,23,1,804,232284,1.781,1,34478,1,0,6,1,0,1,4,6327,1,6,1,1,3,215,1,1,6.837,0,2,4,22,904724,402000000000.0,9408424560,17,2
280,0,32,1,0,2,0,1,54825,54048,3630508,300,1,0,43,0,716,1306476,0.374,3,40688,1,0,0,1,3360044,1,2,55655,4,1,0,1,1,1,2,1,2.779,1,2,8,21,499544,91508632181.0,9227645793,32,3
281,0,4,1,1,0,1,1,25418,0,272096,48,1,0,42,0,613,305016,0.656,6,16682,1,0,7,1,1228693,0,4,16996,3,1,1,1,3,221,3,3,0.892,0,2,3,26,494333,15502916815.0,9466024161,4,9
282,0,13,1,1,0,0,1,30636,0,58160,60,1,1,48,0,702,367632,0.527,4,16134,2,0,0,1,592364,0,4,12579,1,1,1,1,3,0,3,0,0.158,0,2,3,26,71110,499000000000.0,9248096244,13,16
283,0,6,1,0,1,0,1,75845,72857,3053789,360,1,1,27,0,676,1784424,0.082,3,12172,0,0,5,1,5146668,0,3,58846,3,4,1,1,2,217,0,4,1.711,2,3,7,8,553404,62447951330.0,9531949796,6,1
284,0,31,1,1,0,1,1,84800,0,422225,24,1,0,37,0,650,1017600,0.219,2,18555,0,0,5,1,3122314,0,2,37934,3,5,1,1,3,1,2,1,0.415,1,2,5,1,631853,781000000000.0,9826460917,31,4
285,0,4,1,1,2,1,2,19830,0,399139,24,1,0,21,0,698,237960,0.0,5,0,1,0,0,2,639447,0,2,19652,3,0,1,1,1,219,0,0,1.677,0,2,8,14,894517,385000000000.0,9295966048,4,6
286,0,0,1,1,2,0,3,6877,0,1957130,360,0,1,53,1,475,82524,6.454,1,44387,1,0,0,1,0,0,4,2000,1,0,1,1,1,1,3,0,23.716,0,2,0,5,281610,827000000000.0,9226865369,0,5
287,0,38,0,1,3,1,0,3423,0,9434419,180,1,2,33,1,734,41076,10.302,3,35264,1,0,1,1,0,0,1,2000,1,0,0,0,3,160,4,3,229.682,0,2,8,21,895872,159000000000.0,9226408572,38,15
288,0,31,1,1,1,1,1,73489,0,7590,48,0,1,34,0,557,881868,0.0,5,0,0,0,3,1,2473180,0,2,29653,0,0,1,1,3,0,2,1,0.009,2,2,7,28,676397,663000000000.0,9960593297,31,8
289,0,13,1,0,3,0,1,97012,0,201885,36,1,2,26,0,664,1164144,0.124,5,12001,1,0,1,1,4199753,0,2,47576,1,2,1,1,2,1,0,1,0.173,2,2,8,14,659210,969000000000.0,9524103977,13,10
290,0,20,2,1,0,0,3,0,0,367193,24,0,1,29,1,562,0,4604.0,5,4604,0,0,0,1,0,1,2,0,3,3,1,1,4,188,1,4,100.0,1,4,3,26,97722,328000000000.0,9068761648,20,15
291,0,0,0,0,3,1,3,5036,0,363559,60,0,1,18,1,580,60432,0.343,5,1729,3,0,1,1,0,0,4,3666,1,3,1,1,0,221,2,4,6.016,1,2,3,13,503946,808000000000.0,9611249125,0,11
292,0,9,0,0,0,1,2,37674,17208,487715,60,1,2,47,0,732,658584,0.0,2,0,3,0,0,1,1846729,0,4,18580,2,1,1,1,3,0,1,0,0.741,2,3,8,14,454953,373000000000.0,9475749490,9,17
293,0,13,1,1,2,0,1,41296,23539,226276,36,1,2,29,0,659,778020,0.48,6,31140,1,0,10,1,1932844,0,4,32061,4,5,1,1,4,220,4,0,0.291,2,2,6,16,24911,404000000000.0,9742229464,13,10
294,0,13,1,1,1,0,1,86422,0,1975288,360,1,1,43,0,668,1037064,0.185,1,15978,4,0,0,1,2845809,0,0,33623,1,0,1,1,4,0,0,2,1.905,1,2,4,17,469301,943000000000.0,9252985856,13,6
295,0,0,1,0,0,1,1,53243,0,595022,48,1,2,36,0,810,638916,0.209,5,11131,1,0,5,1,1681865,1,4,17052,0,0,1,1,1,221,0,3,0.931,2,2,6,16,634941,728000000000.0,9491357790,0,3
296,0,25,0,1,0,0,1,42283,0,1417993,36,0,2,52,1,576,507396,0.253,0,10684,0,0,2,1,951569,1,1,17088,0,5,1,1,1,7,2,2,2.795,2,3,0,23,976586,351000000000.0,9107983342,25,10
297,0,21,1,1,1,0,0,35348,0,2223348,180,0,1,36,1,500,424176,1.355,1,47907,3,0,0,1,2212929,1,4,4014,2,4,0,1,3,1,0,0,5.242,0,1,0,23,62680,721000000000.0,9403339977,21,15
298,0,1,1,0,1,1,1,10796,8452,3819853,180,1,2,20,0,678,230976,0.0,3,0,1,0,0,1,36846,0,4,7089,0,4,1,1,3,110,4,2,16.538,0,2,5,15,591009,514000000000.0,9397490961,1,2
299,0,13,1,1,1,0,0,8903,2523,572078,60,1,0,36,1,697,137112,2.719,4,31066,2,0,3,1,12240,0,3,7348,1,1,1,1,4,174,4,3,4.172,2,2,0,23,172775,970000000000.0,9844483548,13,3
300,0,32,1,1,0,0,3,4003,0,449361,60,1,2,35,1,705,48036,8.424,2,33721,0,0,0,1,382514,0,3,2000,1,6,1,0,2,0,2,3,9.355,2,2,9,24,451145,713000000000.0,9641758231,32,10
301,0,6,0,1,1,1,2,45015,0,1191790,360,1,0,32,0,623,540180,0.0,1,0,2,0,0,1,324769,0,3,14458,3,5,1,1,4,221,0,4,2.206,2,3,0,5,47014,846000000000.0,9236229258,6,6
302,0,27,1,0,0,0,1,21575,15116,8117329,180,1,0,33,0,684,440292,0.698,3,25601,2,0,0,1,1512501,0,4,13658,3,4,1,1,0,1,4,0,18.436,0,1,3,26,736223,435000000000.0,9469660606,27,12
303,0,17,0,1,2,0,3,31483,0,94415,24,0,0,33,0,550,377796,0.023,4,730,0,0,0,1,656078,0,4,16758,3,5,1,0,3,176,0,1,0.25,1,2,6,4,555693,403000000000.0,9883398741,17,8
304,0,38,0,0,1,0,1,12347,0,303075,36,1,1,25,0,650,148164,0.0,0,0,1,0,2,1,969099,1,3,3608,1,3,0,1,4,221,3,3,2.046,0,2,0,20,304131,580000000000.0,9010548574,38,15
305,0,4,0,1,0,0,0,25159,0,991991,300,1,2,32,1,625,301908,1.14,3,28689,0,0,3,1,95219,0,4,7832,3,0,1,1,0,1,0,2,3.286,1,2,1,0,710609,156000000000.0,9359848840,4,17
306,0,24,1,1,0,1,1,80767,0,198463,36,0,0,25,0,658,969204,0.185,2,14976,2,1,0,1,2900365,0,4,38750,3,6,1,1,4,221,3,3,0.205,2,2,2,7,527585,557000000000.0,9449021666,24,6
307,0,0,1,1,0,0,2,3000,1930,1885970,180,1,2,38,0,606,59160,0.0,1,0,1,0,1,3,0,0,4,4930,0,1,1,1,1,221,2,1,31.879,1,2,4,19,472441,85096085874.0,9951191818,0,14
308,0,17,0,1,0,0,1,50558,64583,881839,240,1,1,41,0,795,1381692,0.286,1,32970,1,0,6,1,4273451,0,2,47890,2,6,1,1,4,215,0,0,0.638,1,2,5,15,757939,979000000000.0,9295786069,17,7
309,0,40,1,1,2,0,1,54674,0,4867180,180,1,0,40,1,769,656088,0.893,3,48836,1,0,2,1,1372250,1,4,24683,0,5,1,1,1,127,0,3,7.418,0,3,4,19,427192,600000000000.0,9739592323,40,7
310,0,31,1,1,0,0,1,62190,0,1028850,36,1,2,28,0,602,746280,0.433,0,26918,0,0,2,1,1793555,0,4,31652,4,1,1,0,3,214,2,4,1.379,2,2,6,3,933671,89028515533.0,9342643350,31,17
311,0,18,1,1,0,0,1,41951,0,485996,48,0,2,48,0,579,503412,0.0,0,0,0,0,1,1,1743279,0,2,15861,3,6,1,1,1,14,1,0,0.965,2,2,1,0,142201,607000000000.0,9911289812,18,9
312,0,2,1,1,0,0,1,38503,11079,517802,24,1,1,35,0,723,594984,0.0,5,0,2,0,1,1,2394283,0,4,22922,0,6,1,0,3,0,4,4,0.87,2,3,2,18,860511,956000000000.0,9170066615,2,12
313,0,33,0,1,0,0,1,35213,18371,706977,72,1,1,37,0,669,643008,0.089,0,4745,1,0,7,1,1990387,0,1,24039,2,6,1,1,2,0,4,4,1.099,0,3,9,12,2585,643000000000.0,9290282270,33,0
314,0,6,0,1,1,0,2,75078,0,1488911,360,1,2,31,0,671,900936,0.254,3,19068,1,0,1,5,3126909,1,2,27666,3,0,0,1,2,91,4,2,1.653,1,3,3,11,984225,460000000000.0,9120734654,6,1
315,0,1,1,1,3,0,1,38711,8422,515562,36,0,0,37,0,564,565596,0.357,5,16825,0,0,0,1,1539276,0,4,19967,1,4,1,1,1,1,0,0,0.912,0,2,4,17,789295,507000000000.0,9210531611,1,6
316,0,29,0,0,1,1,1,77753,0,5886175,300,1,2,29,0,687,933036,0.054,3,4198,0,0,4,1,2887537,0,4,32917,4,4,1,1,1,0,2,4,6.309,1,3,1,25,268917,873000000000.0,9591779323,29,3
317,0,22,0,1,1,0,2,68088,0,7308695,300,1,1,33,0,737,817056,0.317,3,21568,1,0,1,2,2523879,0,2,37626,2,4,1,1,4,221,0,3,8.945,1,4,6,3,529786,312000000000.0,9579889425,22,11
318,0,9,0,1,0,1,2,12412,0,1383687,60,1,2,42,0,749,148944,0.0,0,0,1,0,2,0,994772,0,3,5850,1,2,1,1,1,6,2,0,9.29,2,3,8,10,214189,291000000000.0,9650977539,9,13
319,0,4,1,1,0,1,3,24306,0,3400097,360,1,2,26,1,771,291672,1.773,3,43090,0,0,2,1,918327,1,4,5935,3,4,1,1,3,221,0,1,11.657,2,2,1,0,597260,795000000000.0,9578715841,4,12
320,0,17,1,0,0,1,2,11375,4842,131710,24,1,2,29,0,649,194604,0.336,6,5443,0,0,9,2,479714,1,4,9612,2,3,1,1,3,0,3,1,0.677,0,2,7,8,420750,821000000000.0,9768182683,17,17
321,0,1,0,0,2,0,2,18608,9732,2111719,180,1,2,37,0,656,340080,0.0,1,0,2,0,0,3,718250,0,2,7245,2,1,1,1,1,1,0,2,6.209,0,2,0,20,586788,359000000000.0,9382521293,1,17
322,0,29,1,1,0,0,3,7541,7130,1397148,240,1,0,29,0,760,176052,1.199,1,17594,0,0,0,1,816285,0,2,5604,2,3,1,1,1,32,0,0,7.936,0,3,5,9,587372,634000000000.0,9240148439,29,8
323,0,23,1,0,3,1,3,13730,0,449488,24,1,1,28,1,662,164760,1.526,5,20957,1,0,0,1,526792,0,3,10561,2,0,1,1,2,0,1,2,2.728,0,3,4,22,409252,227000000000.0,9513426192,23,9
324,0,20,0,1,1,0,1,22082,0,10557792,360,1,2,32,0,692,264984,0.134,3,2969,2,0,3,1,467125,1,1,4714,3,6,1,1,2,83,0,1,39.843,1,4,1,0,240925,450000000000.0,9418972154,20,0
325,0,17,1,1,0,1,2,49714,0,1070118,36,1,1,38,0,632,596568,0.358,0,17806,0,0,3,3,1583364,0,0,24554,0,4,1,1,4,1,4,1,1.794,2,2,7,28,59412,177000000000.0,9953766014,17,5
326,0,13,0,1,1,0,3,8017,0,687424,240,1,0,47,1,605,96204,1.504,1,12057,0,0,1,1,725078,0,4,8017,0,0,1,0,0,221,1,0,7.145,0,2,9,24,655070,856000000000.0,9396417899,13,13
327,0,4,0,1,0,1,1,32402,0,4309249,120,0,0,28,0,562,388824,0.0,3,0,2,0,0,1,1054542,0,4,22427,4,3,1,1,2,0,2,3,11.083,1,2,3,13,209355,609000000000.0,9966057798,4,0
328,0,18,0,1,0,1,1,24982,0,973074,240,1,0,45,0,671,299784,0.526,1,13139,0,0,4,1,231859,0,4,15589,4,6,1,1,0,0,1,1,3.246,0,2,7,28,114950,39205146074.0,9555347057,18,5
329,0,17,1,1,1,0,1,90164,0,348360,60,1,0,26,0,752,1081968,0.233,4,21028,0,0,2,1,3237267,0,4,44831,2,1,1,1,3,167,2,1,0.322,0,2,6,3,251279,886000000000.0,9354116597,17,14
330,0,14,1,0,1,0,2,34677,27354,918290,48,0,1,30,1,553,744372,0.242,0,14986,0,2,7,1,2412430,0,4,36553,2,3,1,1,0,0,2,0,1.234,2,4,7,8,657941,476000000000.0,9948848826,14,8
331,0,25,0,1,1,1,1,15020,0,841626,180,0,0,51,0,535,180240,0.0,1,0,1,0,1,1,601229,0,4,15020,3,2,1,1,3,65,1,4,4.669,1,3,0,20,735809,196000000000.0,9499153703,25,4
332,0,38,0,0,0,0,1,60014,0,4345314,240,1,1,46,0,717,720168,0.147,1,8814,1,0,0,1,2908562,0,4,20856,1,3,1,1,3,221,4,0,6.034,0,2,6,16,157922,407000000000.0,9309776889,38,9
333,0,18,1,0,1,0,1,20054,0,3827883,240,1,2,35,1,645,240648,0.487,3,9757,1,0,0,1,644079,0,1,7261,3,6,1,1,4,0,1,2,15.907,0,2,7,8,763841,897000000000.0,9585125389,18,17
334,0,25,0,1,3,0,1,69705,51408,263297,36,1,0,37,0,710,1453356,0.41,5,49678,0,0,1,1,5110198,1,4,50502,1,1,1,1,3,219,1,1,0.181,0,3,2,7,422733,785000000000.0,9079779612,25,16
335,0,4,1,1,1,1,1,55140,0,3100027,300,0,0,19,1,593,661680,0.99,3,54583,1,0,5,1,2477406,0,0,29079,1,1,1,1,0,1,2,1,4.685,1,2,5,1,925823,806000000000.0,9976263748,4,7
336,0,12,0,1,0,1,1,53422,0,3481304,360,1,2,36,0,635,641064,0.416,3,22221,1,0,0,1,3062900,1,4,20562,4,2,1,1,3,217,4,3,5.431,1,3,8,14,157548,986000000000.0,9119186233,12,14
337,0,1,1,0,0,0,2,12853,11343,1172373,240,0,0,35,1,534,290352,0.567,3,13719,2,0,1,0,778052,0,2,13833,0,0,1,1,2,217,4,4,4.038,2,2,6,3,545019,715000000000.0,9521452647,1,8
338,0,1,1,1,0,0,1,38993,32908,4880220,360,1,0,42,0,752,862812,0.43,3,30898,2,0,3,1,3180345,1,1,33899,1,6,1,1,3,128,1,0,5.656,0,2,6,4,4784,634000000000.0,9080512080,1,16
339,0,18,1,0,0,0,2,49250,0,1018908,120,1,2,35,0,610,591000,0.035,1,1705,1,0,2,0,1707947,0,4,16733,3,2,1,1,1,27,2,0,1.724,2,2,8,21,551965,410000000000.0,9351295927,18,14
340,0,0,1,1,0,0,2,81622,0,433449,24,0,0,33,0,700,979464,0.402,5,32805,0,1,0,3,3169303,0,4,40649,4,3,1,1,1,221,4,4,0.443,2,2,5,15,605106,709000000000.0,9821739295,0,2
341,0,12,1,0,0,0,1,68331,0,1269244,240,1,2,25,0,662,819972,0.5,3,34170,1,0,2,1,2251161,0,4,38274,0,2,0,1,1,217,0,1,1.548,1,3,5,1,582634,718000000000.0,9050791815,12,3
342,0,0,1,1,0,0,1,77543,0,6475980,240,0,2,31,1,597,930516,0.377,3,29239,1,0,1,1,2623657,0,4,29288,0,1,1,1,3,217,0,0,6.96,1,2,3,13,869236,887000000000.0,9666170715,0,4
343,0,4,0,1,0,0,1,54712,39651,2713574,360,1,1,31,0,653,1132356,0.189,3,17866,1,0,0,1,3412205,0,4,35326,4,2,1,1,0,217,1,4,2.396,1,2,1,27,166364,647000000000.0,9825080046,4,9
344,0,0,1,1,0,0,1,38159,0,3297733,240,0,2,49,1,542,457908,0.227,1,8673,0,2,0,1,1645240,1,4,16161,1,6,1,1,0,215,2,0,7.202,1,2,8,10,825658,68828503172.0,9351373990,0,0
345,0,32,1,0,0,0,3,0,0,2387382,180,1,0,40,0,629,0,0.0,1,0,1,0,0,1,166359,0,4,0,4,1,0,0,0,0,0,0,100.0,0,2,7,8,792326,140000000000.0,9293946943,32,5
346,0,18,1,0,0,0,1,19274,0,333048,24,1,2,21,0,679,231288,0.791,5,15250,1,0,2,1,777110,0,4,8727,2,2,1,1,0,219,4,0,1.44,2,2,7,8,313956,666000000000.0,9231112712,18,4
347,0,24,1,0,2,1,1,40421,0,193923,24,0,2,18,0,534,485052,0.053,6,2162,0,0,2,1,1360233,1,2,18516,1,1,1,1,3,209,0,3,0.4,0,2,8,14,109660,465000000000.0,9187328077,24,15
348,0,1,0,0,0,0,2,40475,0,1077529,48,0,2,43,1,517,485700,0.947,0,38330,1,3,3,4,1679172,0,2,20885,4,2,1,1,4,1,3,3,2.219,2,2,2,2,412397,62113695727.0,9908335090,1,17
349,0,38,1,0,3,0,1,48554,51035,429966,60,1,2,36,0,621,1195068,0.06,0,5995,2,0,2,1,3167498,0,4,40835,2,4,1,1,2,0,0,0,0.36,2,2,8,21,305519,257000000000.0,9235707139,38,3
350,0,31,0,1,3,0,2,3000,805,546702,72,1,0,41,0,679,45660,0.782,0,2974,4,0,1,5,444365,1,1,2000,3,2,1,1,0,17,4,2,11.973,1,2,9,24,606577,229000000000.0,9255021306,31,16
351,0,38,0,1,1,0,3,5792,2637,431628,36,1,0,43,1,605,101148,0.842,5,7094,1,0,0,1,140120,0,4,2000,1,4,1,1,4,221,3,2,4.267,0,2,3,11,729083,691000000000.0,9496737945,38,2
352,0,0,0,1,0,1,1,78837,0,561977,360,1,1,40,0,715,946044,0.36,1,28402,1,0,4,1,2239183,0,2,37329,3,0,1,0,3,215,0,1,0.594,1,2,1,0,361746,785000000000.0,9642076836,0,17
353,0,32,0,0,1,0,2,56692,0,6888912,120,1,0,38,0,753,680304,0.191,3,10848,0,0,5,0,1920406,0,2,26656,1,1,1,1,2,145,2,1,10.126,0,2,8,14,97989,667000000000.0,9283333939,32,12
354,0,6,1,0,0,0,2,3000,0,594120,48,1,2,39,1,657,36000,4.926,0,14777,1,0,4,1,317213,0,4,2000,2,3,1,1,3,214,4,1,16.503,1,3,1,27,960654,654000000000.0,9603358268,6,11
355,0,29,1,0,1,1,0,15176,0,487578,240,0,2,48,1,549,182112,2.187,1,33186,1,0,0,1,944431,0,1,8276,1,4,1,1,0,215,0,2,2.677,0,3,6,4,661279,36924926932.0,9657327599,29,3
356,0,38,1,0,0,0,2,30038,0,6067449,360,0,1,37,1,597,360456,0.867,3,26055,2,0,2,2,896963,0,4,13816,2,4,1,1,4,138,3,3,16.833,2,2,4,19,8194,111000000000.0,9341595977,38,1
357,0,40,1,0,0,0,2,3000,0,34796,60,1,0,30,0,611,36000,0.0,6,0,0,0,2,1,199736,0,0,2000,4,1,1,1,2,1,1,0,0.967,1,3,6,4,164188,418000000000.0,9887431271,40,0
358,0,5,1,0,0,0,2,14348,0,515943,12,0,2,52,1,557,172176,2.965,6,42536,1,0,0,1,367475,0,4,10798,3,3,1,0,4,0,4,3,2.997,2,1,6,4,362084,767000000000.0,9079551512,5,17
359,0,31,1,0,2,1,2,3000,0,283854,24,1,0,44,0,669,36000,0.0,5,0,0,0,0,4,1168496,0,2,3000,0,1,1,1,4,219,0,0,7.885,1,2,3,26,143184,621000000000.0,9962543848,31,16
360,0,31,1,1,0,1,1,46175,0,59061,24,0,0,37,0,596,554100,0.0,5,0,1,0,0,1,1448966,1,2,30794,4,3,0,1,4,201,0,0,0.107,0,2,1,25,713785,203000000000.0,9580290904,31,13
361,0,31,1,0,1,0,3,12088,0,383939,48,0,2,53,1,412,145056,2.593,2,31347,5,0,0,1,0,0,4,10577,1,3,1,1,4,1,1,4,2.647,0,2,0,5,405559,660000000000.0,9548374417,31,8
362,0,17,1,1,0,1,1,42038,0,521054,60,1,2,30,0,649,504456,0.898,0,37763,0,0,1,1,771102,0,4,21118,1,2,1,1,2,0,0,1,1.033,0,2,8,10,355071,102000000000.0,9110059129,17,2
363,0,18,0,0,1,0,3,3713,1352,10515391,360,0,1,34,1,689,60780,3.454,3,17494,0,1,1,1,0,0,0,2000,0,4,1,1,3,217,1,2,173.007,2,2,8,10,557746,191000000000.0,9330165837,18,9
364,0,38,2,1,2,0,0,12895,0,502425,24,1,0,42,1,675,154740,2.408,2,31045,1,0,4,1,0,0,0,6564,0,1,1,0,4,1,2,1,3.247,0,2,1,27,925715,275000000000.0,9428931132,38,1
365,0,23,0,1,3,0,0,10802,7696,666512,24,0,0,22,0,654,221976,0.0,5,0,1,1,0,1,350903,0,4,4653,4,3,1,1,1,1,1,0,3.003,2,3,0,20,991720,695000000000.0,9804421017,23,12
366,0,4,0,0,2,0,1,20219,0,553172,60,1,0,32,0,878,242628,0.573,6,11578,1,0,0,1,322793,0,4,2000,1,6,1,1,0,221,3,2,2.28,1,2,4,19,162822,617000000000.0,9575757475,4,4
367,0,39,0,0,3,1,1,79030,0,625373,48,0,0,32,1,528,948360,0.381,0,30140,1,3,2,1,2872028,0,4,28932,2,0,1,1,3,21,2,1,0.659,1,3,0,20,852005,921000000000.0,9226602562,39,13
368,0,20,0,1,1,0,1,43508,0,815784,48,1,2,47,0,630,522096,1.36,0,59159,0,0,10,1,1342966,1,2,28229,2,1,1,0,2,26,1,3,1.563,2,4,8,14,80064,623000000000.0,9530762484,20,10
369,0,9,0,1,0,0,1,104181,16224,1025968,360,1,1,35,0,640,1444860,0.277,1,33298,0,0,7,1,5427445,0,2,38598,1,5,1,0,4,0,1,3,0.71,0,3,0,5,314267,977000000000.0,9942387367,9,16
370,0,1,0,1,1,0,0,22391,25423,303999,36,0,0,38,0,522,573768,0.146,5,7003,3,0,4,1,1208694,0,1,23224,0,6,1,1,2,221,0,4,0.53,2,2,9,24,308666,255000000000.0,9525971075,1,11
371,0,18,1,1,0,0,2,45999,38401,5933045,240,1,2,34,0,731,1012800,0.0,3,0,1,0,1,3,2722989,0,1,37686,2,5,1,1,4,221,3,3,5.858,2,2,0,20,31711,536000000000.0,9939933797,18,16
372,0,28,1,0,1,1,2,109092,0,375452,24,1,0,26,0,774,1309104,0.222,5,24171,0,0,0,1,4485629,0,2,50259,4,3,1,1,4,219,3,3,0.287,1,0,8,10,933406,163000000000.0,9763425073,28,10
374,0,1,1,0,2,0,1,53719,0,265748,24,1,1,38,0,838,644628,0.801,6,43022,0,0,6,1,1745672,0,1,25753,0,5,1,0,4,220,2,3,0.412,2,2,0,5,3573,604000000000.0,9727682975,1,15
375,0,39,1,1,0,1,1,95823,51850,450841,12,0,0,36,0,542,1772076,0.246,6,36364,1,1,2,1,5098881,1,4,72817,3,2,1,1,3,0,3,3,0.254,1,3,9,6,795743,440000000000.0,9587525680,39,11
376,0,39,0,0,1,0,1,26394,0,910746,180,1,1,45,0,689,316728,0.0,1,0,2,0,6,1,143188,0,4,13046,1,1,0,1,0,221,0,3,2.875,2,3,8,21,904456,259000000000.0,9711221823,39,8
377,0,2,0,0,2,1,1,34732,0,10026620,180,0,2,32,1,491,416784,0.0,3,0,0,0,0,1,1612759,0,0,11587,4,1,0,1,0,221,2,0,24.057,1,3,8,21,486148,517000000000.0,9281372143,2,10
378,0,24,0,1,2,0,0,12269,8135,338991,24,1,0,28,0,750,244848,0.0,6,0,0,0,0,1,1619439,0,1,15424,3,1,1,1,4,221,3,2,1.384,0,2,4,19,621032,800000000000.0,9556608470,24,11
379,0,32,1,0,0,0,0,6155,3100,1752610,240,1,2,30,1,676,111060,1.706,1,15792,0,0,0,1,539591,0,4,5892,4,0,1,1,2,1,2,3,15.781,2,2,5,15,798140,39033970519.0,9582632809,32,7
380,0,29,0,1,2,0,1,53006,11935,2667866,180,0,1,29,0,532,779292,0.227,1,14769,0,0,8,1,1913912,0,4,24836,3,5,1,1,4,0,2,3,3.423,1,3,9,24,40285,586000000000.0,9147079863,29,14
381,0,4,1,0,2,0,1,94275,0,979574,300,1,1,40,0,670,1131300,0.117,3,11013,2,0,1,1,3959827,0,0,37202,3,6,1,1,1,221,4,2,0.866,1,2,2,2,695345,613000000000.0,9394380403,4,14
382,0,32,1,0,0,1,0,21150,0,994097,240,1,0,35,0,703,253800,1.907,1,40326,0,0,3,1,1231633,0,4,10450,4,5,1,1,0,69,2,0,3.917,1,2,8,14,794809,766000000000.0,9319100900,32,5
383,0,0,1,1,3,0,1,98157,0,5768,60,1,2,45,0,677,1177884,0.419,0,41117,0,0,2,1,4246477,1,4,50042,3,3,1,1,3,19,3,2,0.005,1,2,4,22,330242,769000000000.0,9460401424,0,2
384,0,8,1,0,0,1,2,34929,26627,102316,36,1,0,27,0,638,738672,0.384,0,23620,1,0,1,0,2494453,0,4,27082,0,4,1,1,1,214,3,4,0.139,0,0,0,20,665925,72011379844.0,9097123166,8,16
385,0,17,1,1,2,0,3,18182,0,3776818,240,1,1,40,1,732,218184,0.483,3,8775,1,0,0,1,1461069,0,2,5886,0,3,1,1,0,109,4,1,17.31,2,2,4,22,966229,676000000000.0,9404337009,17,11
386,0,36,1,1,0,0,2,56676,0,4894153,300,1,0,35,0,647,680112,0.0,3,0,2,0,0,4,2363788,0,4,22081,1,6,1,1,3,0,0,0,7.196,2,0,5,9,992827,730000000000.0,9558825562,36,13
387,0,31,0,0,3,1,1,45176,0,43842,36,1,1,37,0,636,542112,0.0,6,0,0,0,5,1,1049656,0,2,22585,0,6,1,1,1,220,0,3,0.081,1,2,8,21,32419,543000000000.0,9557782058,31,17
388,0,1,0,1,0,1,1,79902,0,467709,36,0,1,36,0,568,958824,0.765,4,61118,2,0,1,1,3449562,0,4,42324,4,2,1,1,0,169,1,4,0.488,0,2,3,26,334537,829000000000.0,9819048235,1,6
389,0,13,1,0,1,0,1,61141,0,6152578,360,1,2,34,1,643,733692,0.509,3,31149,0,0,1,1,2677797,0,3,28055,1,1,1,1,3,221,2,3,8.386,2,2,2,18,323049,587000000000.0,9230817214,13,10
390,0,20,1,1,1,0,1,89800,0,182452,36,0,2,24,0,618,1077600,0.222,6,19918,2,1,3,1,3940220,1,2,36039,2,5,1,1,4,207,4,2,0.169,0,4,7,28,763162,381000000000.0,9147165609,20,7
391,0,4,1,1,0,0,2,116528,14601,6932160,240,0,1,37,1,488,1573548,0.157,3,20645,0,2,9,2,4867058,0,2,49605,1,0,1,1,0,1,3,3,4.405,1,2,8,21,678677,535000000000.0,9755047681,4,11
392,0,17,1,0,1,0,2,3000,0,1400685,240,1,1,34,0,688,36000,3.184,1,9551,0,0,13,5,493416,1,4,2577,0,1,1,1,0,215,1,3,38.908,0,2,3,13,667646,571000000000.0,9317653970,17,1
393,0,24,0,0,0,0,1,75390,0,874983,60,1,0,24,0,637,904680,0.624,0,47011,0,0,3,1,2542372,0,4,39636,3,0,1,1,0,214,3,4,0.967,2,2,9,24,252440,740000000000.0,9827496804,24,15
394,0,13,0,1,2,0,1,55631,38073,2808069,240,1,0,28,0,688,1124448,0.07,3,6535,1,0,2,1,3648782,1,4,38719,4,1,1,1,0,217,0,1,2.497,0,2,5,1,222123,274000000000.0,9377306260,13,7
395,0,40,1,1,1,0,2,80164,71724,29499,36,0,2,30,0,599,1822656,0.0,0,0,0,0,0,0,5658381,0,4,75063,3,6,1,1,3,0,3,0,0.016,0,3,6,3,633831,597000000000.0,9077560858,40,15
396,0,24,1,1,2,1,1,75547,0,510894,60,1,0,42,0,627,906564,0.378,2,28554,0,0,7,1,2547456,0,4,31426,2,2,1,1,3,0,4,4,0.564,1,2,7,28,114405,46861114576.0,9832102192,24,9
397,0,10,1,1,2,1,1,92795,0,3063344,300,1,2,32,0,757,1113540,0.263,3,24427,0,0,0,1,4915444,0,3,47285,0,6,1,0,1,217,3,4,2.751,2,4,1,27,26068,858000000000.0,9332426050,10,3
398,0,33,1,0,0,0,1,19389,0,331376,24,1,0,25,1,666,232668,1.697,6,32898,1,0,1,1,1349302,0,1,5528,1,6,1,1,2,221,3,3,1.424,0,3,4,17,841945,850000000000.0,9777312688,33,8
399,0,24,1,1,0,0,2,59767,52224,4330922,360,1,1,32,0,710,1343892,0.184,3,20640,0,0,1,1,4854791,0,4,50278,2,1,1,1,1,0,0,0,3.223,2,2,6,16,824410,282000000000.0,9346060560,24,9
400,0,40,0,0,0,0,3,7866,0,1806044,180,1,1,28,1,703,94392,3.187,1,25069,1,0,2,1,743110,0,4,7866,0,2,1,0,1,40,3,3,19.133,1,3,8,21,254861,793000000000.0,9471690618,40,8
401,0,13,1,0,0,0,1,62859,0,1960415,360,1,1,37,0,641,754308,0.194,1,12209,0,0,0,1,2769624,0,1,26469,0,1,0,1,0,1,0,2,2.599,0,2,6,16,979411,54647548954.0,9787698999,13,17
402,0,24,1,0,0,0,2,50746,29407,238550,60,1,1,46,0,612,961836,0.529,4,42381,1,0,1,3,2578436,0,4,31709,1,4,1,1,4,218,2,1,0.248,1,2,1,25,810450,176000000000.0,9835539354,24,9
403,0,0,1,1,1,0,2,69245,0,2659802,300,0,2,29,0,582,830940,0.172,3,11891,1,0,2,1,2990742,0,2,31016,3,4,1,1,0,1,2,4,3.201,0,2,8,10,296337,645000000000.0,9853798214,0,10
404,0,14,1,0,1,1,1,56495,0,625394,36,1,2,66,0,695,677940,0.645,0,36433,1,0,11,1,1443931,0,4,15952,3,4,0,1,1,214,4,2,0.922,0,4,0,23,356485,528000000000.0,9249141686,14,16
405,0,32,1,1,1,1,3,5737,0,4849803,300,1,1,25,1,627,68844,2.367,3,13581,1,0,0,1,114761,0,2,2006,3,1,1,1,4,125,1,4,70.446,1,2,2,2,145427,478000000000.0,9679176651,32,17
406,0,38,0,1,2,0,1,66708,0,374775,12,1,2,36,0,732,800496,0.648,6,43238,1,0,3,1,2454819,0,1,30414,1,1,0,1,2,220,2,4,0.468,1,2,6,3,13967,500000000000.0,9309001594,38,7
407,0,25,1,1,0,0,0,35458,0,3957425,300,0,0,48,0,589,425496,0.165,3,5861,0,0,2,1,1105941,0,1,21065,4,3,1,0,1,0,3,3,9.301,2,3,7,8,710100,340000000000.0,9953263890,25,14
408,0,23,0,1,0,0,2,54718,0,8961197,300,0,0,40,1,529,656616,0.0,3,0,1,0,2,1,1791906,0,3,28789,2,1,1,1,1,0,4,3,13.648,0,3,2,7,172200,947000000000.0,9234103469,23,13
409,0,3,1,1,0,0,1,42178,0,2663585,360,1,2,20,0,755,506136,0.399,3,16842,1,0,7,1,638305,0,3,22233,3,1,1,1,1,99,1,4,5.263,0,4,1,0,619641,312000000000.0,9437685507,3,3
410,0,18,0,0,1,1,1,51609,36593,936890,36,0,0,28,1,579,1058424,0.313,0,27624,0,0,8,1,2934883,0,2,45690,0,6,1,0,1,214,4,0,0.885,0,2,3,26,574256,794000000000.0,9556434369,18,6
411,0,18,1,0,0,0,2,17143,13432,1324777,48,0,1,39,1,530,366900,0.305,0,9326,1,0,0,4,1319191,0,4,17764,2,6,1,0,1,0,1,1,3.611,2,2,4,19,163418,932000000000.0,9676164534,18,12
412,0,1,0,1,1,0,1,5000,0,219509,60,1,0,30,0,735,60000,0.0,0,0,3,0,3,1,314526,1,2,2000,2,5,1,1,4,10,1,3,3.658,0,2,9,6,150234,224000000000.0,9312198041,1,3
413,0,31,1,1,0,0,1,32611,0,4829102,300,0,2,46,1,539,391332,0.789,3,25727,2,0,1,1,684369,0,4,14619,3,3,0,0,2,1,0,0,12.34,0,2,9,6,154600,243000000000.0,9319092487,31,11
414,0,32,1,1,0,0,2,3000,3686,5327522,360,1,2,25,1,617,80232,3.727,3,24916,1,0,2,1,117236,0,0,2000,3,4,1,1,4,221,1,3,66.401,0,2,6,3,733450,39111428178.0,9522823052,32,5
415,0,5,1,0,0,0,3,0,0,6829828,300,1,1,28,1,755,0,24814.0,3,24814,2,0,4,1,0,0,4,0,2,0,1,1,3,221,4,2,100.0,1,1,5,15,118575,881000000000.0,9594737213,5,14
416,0,13,1,1,0,0,1,32249,12537,1776475,240,1,2,25,0,704,537432,0.0,1,0,1,0,3,1,980000,0,4,31112,3,5,0,1,0,37,3,4,3.305,1,2,3,11,941020,162000000000.0,9878599648,13,11
417,0,12,2,1,2,0,1,25914,10895,3781668,300,0,1,40,1,640,441708,0.0,3,0,1,1,3,1,2030470,0,2,15015,3,1,1,0,0,221,0,4,8.561,1,3,6,16,98958,720000000000.0,9645057303,12,11
418,0,38,0,1,0,0,2,18251,17732,444990,60,1,2,39,0,721,431796,0.099,2,3570,1,0,6,2,1347098,0,1,16909,0,6,1,1,1,216,2,3,1.031,0,2,6,4,973621,925000000000.0,9775372603,38,17
419,0,0,0,1,0,0,2,69783,0,30428,36,1,2,39,0,661,837396,0.0,6,0,3,0,0,1,3093784,0,4,31051,3,5,1,1,3,221,4,3,0.036,0,2,2,18,848915,506000000000.0,9707155348,0,14
420,0,13,1,1,0,0,3,2214,1653,140856,36,0,1,30,1,560,46404,12.912,6,49929,2,0,3,1,363158,0,4,3867,1,6,1,1,1,204,2,4,3.035,1,2,4,17,167908,284000000000.0,9597595450,13,3
421,0,18,0,1,0,1,1,92230,0,424989,36,1,2,27,0,627,1106760,0.448,2,41358,1,0,7,1,2900089,0,4,38510,4,1,1,1,4,0,0,4,0.384,2,2,3,11,439208,777000000000.0,9742231964,18,13
422,0,17,1,1,2,1,1,40030,8909,9148298,240,0,2,31,1,584,587268,0.412,3,20151,2,0,2,1,972349,0,4,20275,2,4,1,1,4,157,2,2,15.578,0,2,0,20,725810,40236936268.0,9943012047,17,8
423,0,33,1,1,0,0,1,48033,0,479910,60,1,2,33,0,632,576396,0.082,0,3946,1,0,8,1,2099250,0,1,20981,3,0,1,1,0,214,4,3,0.833,0,3,0,5,937785,271000000000.0,9855829849,33,10
424,0,4,0,1,3,1,1,40677,34003,8649337,300,1,2,33,0,762,896160,0.0,3,0,1,0,0,1,2221060,0,4,33261,4,0,1,1,3,217,4,2,9.652,0,2,0,20,64190,675000000000.0,9128333721,4,4
425,0,24,1,0,0,0,2,26860,0,697228,60,1,0,31,0,779,322320,0.615,0,16527,0,0,0,4,1264309,0,1,12510,2,0,0,1,0,221,2,2,2.163,2,2,5,1,585601,667000000000.0,9506662670,24,1
426,0,24,1,1,1,1,2,69020,0,275911,36,1,2,38,0,656,828240,0.23,5,15881,1,0,0,1,2113283,0,4,25114,2,0,1,1,4,221,1,2,0.333,2,2,8,14,681649,438000000000.0,9925295961,24,15
427,0,8,1,1,0,0,2,66993,0,207047,60,1,1,38,0,685,803916,0.402,6,26919,0,0,4,2,2747383,0,3,33876,2,0,1,1,2,1,2,1,0.258,2,0,2,2,663951,28671200720.0,9245591024,8,1
428,0,38,1,1,0,0,1,13972,11575,9171930,360,1,1,39,1,660,306564,0.955,3,24400,1,0,3,1,731700,0,3,8690,0,2,1,1,3,221,1,2,29.918,1,2,2,2,580117,911000000000.0,9498194217,38,5
429,0,32,1,1,0,0,2,55894,0,559160,180,0,2,36,1,668,670728,0.554,1,30970,1,2,0,1,2580411,0,4,31035,0,3,1,1,1,59,3,2,0.834,2,2,6,16,59641,818000000000.0,9584466345,32,9
430,0,24,1,0,0,1,1,70195,0,784403,36,1,0,33,0,729,842340,0.423,0,29684,0,0,2,1,2514013,0,4,37268,3,2,1,1,3,0,0,3,0.931,2,2,0,5,232002,220000000000.0,9145593766,24,15
431,0,32,1,1,1,0,3,0,0,3416291,180,1,0,29,0,689,0,0.0,3,0,0,0,2,1,1150110,1,4,0,2,4,1,1,0,104,1,0,100.0,2,2,5,9,984915,944000000000.0,9046277657,32,17
432,0,1,1,0,1,1,2,89759,0,5502850,300,1,1,36,0,677,1077108,0.458,3,41096,1,0,0,0,2860370,1,4,39931,2,6,0,1,3,1,2,1,5.109,1,2,8,10,174548,659000000000.0,9023897432,1,11
433,0,1,0,0,1,0,1,59710,0,4045,360,1,0,32,0,659,716520,0.031,3,1836,1,0,1,1,2040190,0,3,29293,2,0,1,1,1,221,1,3,0.006,0,2,4,17,238185,560000000000.0,9584868999,1,9
434,0,0,1,1,1,1,1,64676,38975,3057905,180,1,1,34,0,635,1243812,0.336,1,34852,0,0,0,1,3033717,1,4,48916,3,6,1,1,1,57,4,1,2.458,1,2,7,8,896160,798000000000.0,9176799359,0,10
435,0,12,1,0,1,0,1,63686,0,113088,36,1,0,48,0,633,764232,0.542,5,34500,2,0,0,1,2422233,0,3,21111,3,0,1,1,3,0,1,3,0.148,2,3,1,25,687597,404000000000.0,9736060148,12,4
436,0,8,1,1,0,1,1,46995,0,57952,60,1,2,41,0,633,563940,0.424,6,19913,3,0,0,1,1802220,0,3,22952,2,5,0,1,2,1,1,2,0.103,0,0,7,8,988437,849000000000.0,9685283061,8,1
437,0,33,0,1,1,0,1,68940,0,132413,24,0,2,43,1,607,827280,0.456,5,31453,0,2,0,1,3195344,0,4,32880,1,3,1,1,4,179,3,4,0.16,0,3,0,5,316836,12424462632.0,9514488112,33,15
438,0,4,1,0,1,0,1,62580,0,1845398,300,1,1,37,0,664,750960,0.0,3,0,1,0,0,1,1706319,0,4,34317,1,1,1,1,3,221,1,2,2.457,2,2,4,17,527515,142000000000.0,9794151526,4,9
439,0,31,1,0,0,0,1,5000,920,2833582,240,1,0,24,1,802,71040,5.855,3,34661,0,0,3,1,740430,0,2,5920,4,2,1,1,1,1,4,3,39.887,0,2,5,1,661135,91122528837.0,9505661863,31,14
440,0,1,0,1,0,0,1,51486,0,1098722,240,0,1,46,1,518,617832,0.364,1,18727,1,0,7,1,2313671,0,3,15868,0,0,1,1,3,215,0,0,1.778,0,2,0,23,457462,791000000000.0,9073095055,1,11
441,0,38,0,0,0,1,1,75177,0,9375298,300,0,2,30,0,587,902124,0.221,3,16627,2,0,0,1,3562727,0,4,31263,2,3,1,1,3,1,2,0,10.392,0,2,4,22,527260,712000000000.0,9885190534,38,4
442,0,0,1,1,2,0,3,16768,0,9661036,300,1,0,44,0,721,201216,0.141,3,2361,1,0,0,1,96417,0,2,7879,3,0,1,1,1,221,1,3,48.013,1,2,7,28,911451,10424624561.0,9851744600,0,7
443,0,24,0,0,0,1,2,11552,2173,345386,48,1,2,40,0,725,164700,0.0,6,0,0,0,1,1,1031047,0,4,4312,1,6,1,0,4,0,2,1,2.097,1,2,8,14,936016,129000000000.0,9129391304,24,7
444,0,26,1,0,1,0,1,58929,0,1041070,240,1,2,32,0,704,707148,0.977,1,57553,0,0,2,1,961093,0,4,25025,2,4,0,1,1,0,3,0,1.472,1,4,5,9,940147,190000000000.0,9154021190,26,15
445,0,38,1,0,2,1,3,2940,597,329481,36,1,2,30,1,774,42444,8.842,5,31275,1,0,0,1,281199,0,4,3537,3,5,1,1,3,1,1,4,7.763,0,2,1,0,934757,757000000000.0,9229107322,38,3
446,0,4,1,0,0,0,3,2303,1508,44746,300,1,2,44,0,643,45732,4.116,3,15687,2,0,0,1,190552,1,1,2000,4,6,1,1,4,1,0,4,0.978,0,2,0,5,49384,84937830639.0,9638452696,4,7
447,0,31,1,1,0,0,3,2428,0,253792,60,0,1,42,1,506,29136,11.908,0,28913,0,2,1,1,0,0,4,2428,3,4,1,1,1,221,4,4,8.711,2,2,9,12,531901,916000000000.0,9292913203,31,10
448,0,25,0,0,1,0,2,11317,0,2321391,180,0,0,38,1,572,135804,4.821,3,54557,2,0,0,3,604927,0,4,7380,4,5,1,1,1,97,4,1,17.094,1,3,4,19,19530,162000000000.0,9153722155,25,11
449,0,18,1,1,1,0,1,53495,0,895399,48,1,0,29,0,645,641940,0.151,0,8091,1,0,0,1,1823213,1,1,22933,2,3,1,0,3,221,4,2,1.395,0,2,7,28,578322,732000000000.0,9040672007,18,3
450,0,9,1,1,0,0,0,8825,2204,1006657,240,1,0,49,1,680,132348,3.485,1,38435,0,0,0,1,754136,1,4,11029,1,4,1,1,2,221,1,0,7.606,1,3,9,12,777149,614000000000.0,9975437347,9,13
451,0,17,1,1,0,0,2,8375,0,707374,24,1,1,37,1,614,100500,1.261,5,10564,1,0,1,5,630533,0,4,2000,4,2,1,0,4,219,1,4,7.039,0,2,9,12,956200,737000000000.0,9145841484,17,13
452,0,0,0,1,1,0,1,58108,0,1891012,360,1,2,41,0,644,697296,0.237,3,13756,0,0,0,1,1495200,0,1,16982,0,6,1,1,3,221,1,2,2.712,1,2,4,17,235067,913000000000.0,9802058695,0,16
453,0,18,0,0,1,1,1,38787,0,1366861,48,1,2,29,0,712,465444,0.367,0,14242,0,0,1,1,444472,1,1,25072,1,0,1,1,2,221,1,3,2.937,0,2,1,0,926770,215000000000.0,9516793350,18,1
454,0,17,1,1,3,0,2,59440,82881,1738913,240,0,0,29,0,572,1707852,0.298,1,42397,0,0,9,4,4581961,1,1,72134,4,0,1,1,3,0,1,2,1.018,2,2,8,21,179636,386000000000.0,9360376811,17,4
455,0,31,1,1,0,1,1,43457,0,1993854,240,1,1,33,0,741,521484,0.0,1,0,1,0,4,1,1886729,0,3,17120,1,1,1,1,2,0,1,3,3.823,2,2,1,27,588476,233000000000.0,9497315391,31,8
456,0,23,1,1,1,1,1,56701,0,1298544,60,0,1,25,0,591,680412,0.0,0,0,1,0,3,1,1548048,1,4,21046,1,5,1,0,3,0,4,2,1.908,1,3,9,24,949878,831000000000.0,9118939406,23,12
457,0,4,0,0,0,0,2,23250,18745,9865621,300,1,1,33,0,632,503940,0.11,3,4603,0,0,0,4,1587589,0,4,24673,4,5,1,1,0,0,1,3,19.577,1,2,8,21,176919,820000000000.0,9233324707,4,10
458,0,0,1,0,0,1,3,7918,0,912696,60,1,1,38,1,688,95016,0.597,0,4724,0,0,2,1,0,0,2,7079,4,3,1,1,4,1,1,2,9.606,1,2,3,11,786877,13546212760.0,9250826112,0,9
459,0,13,0,0,1,0,1,10938,3995,2746498,300,1,1,51,0,639,179196,0.0,3,0,0,0,2,1,1563375,0,2,2458,4,2,0,1,3,217,2,1,15.327,1,2,2,2,539842,616000000000.0,9729893762,13,2
460,0,1,1,0,0,1,1,25869,11902,523308,180,0,0,43,0,548,453252,0.643,1,24282,1,0,3,1,1273282,0,3,17569,1,2,1,0,4,0,0,3,1.155,0,2,9,6,825226,493000000000.0,9120381876,1,17
461,0,6,1,1,1,1,1,22605,15371,386597,36,0,0,42,0,575,455712,0.117,2,4445,0,0,7,1,1289501,0,4,15058,3,4,1,1,0,216,4,0,0.848,1,3,4,19,860819,283000000000.0,9815881445,6,4
462,0,32,0,0,0,0,1,84962,110687,736319,36,1,2,31,0,743,2347788,0.211,0,41189,1,0,7,1,5909487,0,4,88170,4,1,1,1,1,0,4,1,0.314,0,2,6,3,190617,67323182971.0,9681572450,32,0
463,0,32,2,0,0,1,1,51616,0,2677190,180,1,0,55,0,648,619392,0.204,3,10526,3,0,7,1,1784860,1,3,28550,3,2,1,1,1,217,4,1,4.322,0,2,4,17,522351,1529113717.0,9850902556,32,15
464,0,38,1,1,1,0,2,70615,61592,476551,60,1,1,33,0,737,1586484,0.43,5,56866,0,0,7,1,4863446,0,4,56351,4,3,1,1,1,219,4,1,0.3,2,2,5,9,565362,444000000000.0,9781224890,38,1
465,0,22,1,0,0,0,1,50217,0,1054184,72,1,0,44,0,687,602604,0.0,0,0,0,0,0,1,2323429,0,4,26508,1,5,1,0,0,0,0,1,1.749,0,4,7,28,102166,86700900436.0,9551584826,22,13
466,0,9,1,1,0,0,3,0,0,5924575,300,1,0,31,0,709,0,0.0,3,0,0,0,4,1,0,0,2,0,1,0,1,1,2,137,1,4,100.0,1,3,3,11,439076,362000000000.0,9960807063,9,10
467,0,31,1,1,0,0,1,34926,9509,631694,48,1,0,28,0,663,533220,0.573,2,25479,0,0,9,1,1510981,0,4,20963,3,0,1,1,0,221,4,3,1.185,1,2,7,28,593822,951000000000.0,9648188044,31,14
468,0,4,1,1,0,1,2,100864,0,9750951,300,1,2,21,0,654,1210368,0.231,3,23298,3,0,5,2,4007035,1,3,46322,1,1,1,1,3,161,3,0,8.056,2,2,5,1,517291,738000000000.0,9126942894,4,11
469,0,0,0,1,0,0,1,50038,75654,8015477,300,1,2,34,0,798,1508304,0.111,3,13943,1,0,0,1,4196682,0,2,57703,1,1,1,1,1,153,4,2,5.314,2,2,9,12,185094,36258631441.0,9706462554,0,0
470,0,18,0,0,0,0,1,77437,0,65613,36,0,2,25,0,571,929244,0.114,5,8829,2,0,3,1,2593986,0,2,38409,4,5,1,1,4,221,0,4,0.071,0,2,6,4,705653,356000000000.0,9644898803,18,15
471,0,4,1,1,2,0,3,11152,4450,1979239,360,0,1,25,1,507,187224,1.442,1,22496,1,0,0,1,1065907,0,2,13522,2,4,1,1,3,42,3,3,10.572,0,2,8,14,349590,888000000000.0,9404333353,4,3
472,0,17,1,1,1,0,1,120034,0,470846,36,1,1,26,0,685,1440408,0.165,2,19794,3,0,2,1,4164993,0,3,48376,1,5,1,1,1,75,2,3,0.327,1,2,9,24,742333,516000000000.0,9180933913,17,6
473,0,1,1,0,0,0,1,45933,0,367716,60,1,0,39,0,612,551196,0.821,5,37692,1,0,4,1,1744478,1,4,22141,1,5,1,1,1,1,0,4,0.667,0,2,0,20,112240,653000000000.0,9617868800,1,14
474,0,13,1,0,0,1,1,34788,0,3871288,180,1,1,21,1,638,417456,0.475,3,16510,1,0,0,1,542059,0,3,8017,2,3,1,0,0,0,4,1,9.274,1,2,0,20,756168,91561829803.0,9657744916,13,16
475,0,18,0,0,0,0,1,99088,72736,256117,24,1,0,41,0,770,2061888,0.115,5,19698,1,0,0,1,5742344,0,4,77773,0,4,1,1,2,221,2,4,0.124,2,2,3,13,774072,366000000000.0,9894184336,18,3
476,0,0,1,1,0,0,1,54139,0,6285569,360,0,0,41,1,552,649668,0.215,3,11650,2,2,12,1,2099790,0,2,23068,3,5,1,0,3,0,1,4,9.675,2,2,1,25,911179,92632239982.0,9137455611,0,5
477,0,32,0,0,0,0,2,3000,0,634498,12,0,0,34,1,589,36000,14.195,4,42586,0,0,1,1,672301,0,4,3000,0,4,1,1,1,221,0,0,17.625,1,2,4,19,100682,429000000000.0,9660811260,32,0
478,0,11,0,0,1,0,0,50257,0,57427,48,0,2,40,0,636,603084,0.27,5,13587,0,1,0,1,1966229,0,2,19237,3,0,1,1,4,221,3,4,0.095,2,4,0,20,201771,836000000000.0,9531234550,11,11
479,0,30,0,1,0,0,3,1710,1003,386313,120,1,0,46,1,646,32556,3.264,1,8856,0,0,0,1,260410,0,2,2713,3,4,0,1,0,0,4,1,11.866,1,1,5,9,855126,269000000000.0,9440134808,30,2
480,0,1,0,1,0,0,1,81288,0,64342,24,1,0,55,0,669,975456,0.075,5,6115,0,0,0,1,2934067,0,2,42309,1,4,1,1,0,219,0,3,0.066,1,2,0,5,809771,438000000000.0,9101570908,1,12
481,0,20,1,1,0,0,1,8706,6125,1982926,120,1,2,21,1,785,177972,2.693,1,39936,1,0,0,1,445761,0,2,2781,1,1,1,0,3,1,1,1,11.142,1,4,3,13,505966,145000000000.0,9996996489,20,2
482,0,32,0,1,1,0,3,209,63,499926,24,1,2,29,1,622,3264,119.596,6,32530,1,0,0,1,675291,0,4,272,0,0,0,0,3,220,3,1,153.164,1,2,2,7,634795,429000000000.0,9408499323,32,15
483,0,24,0,1,0,1,0,16763,6071,2512038,360,1,0,43,1,626,274008,1.175,3,26831,1,0,3,1,718443,0,4,16086,0,5,1,1,3,217,0,0,9.168,0,2,6,3,753107,427000000000.0,9261760723,24,7
484,0,25,1,1,0,1,1,42106,0,4931102,360,1,1,47,0,761,505272,0.332,3,13998,0,0,4,1,1661341,0,4,12348,4,2,1,0,3,130,2,3,9.759,0,3,5,9,401433,389000000000.0,9405612996,25,1
485,0,24,0,1,0,0,2,3000,0,254919,180,1,1,31,1,657,36000,8.128,1,24385,3,0,1,1,0,0,2,2000,0,5,1,1,2,215,4,2,7.081,2,2,4,19,66329,270000000000.0,9656130876,24,15
486,0,13,0,1,0,1,2,95267,0,1164541,180,1,0,50,0,677,1143204,0.0,3,0,0,0,0,1,3635693,0,2,38881,3,1,0,1,0,1,2,2,1.019,0,2,6,3,245736,860000000000.0,9948400273,13,16
487,0,14,0,1,0,1,2,30909,21250,250486,48,0,0,29,0,564,625908,0.138,4,7213,1,0,0,2,631529,0,2,26770,3,0,1,1,1,221,1,4,0.4,2,4,4,19,704552,870000000000.0,9139500168,14,0
488,0,17,1,1,1,0,1,69831,16690,105491,12,1,0,26,0,670,1038252,0.659,5,57054,2,0,0,1,3093920,0,1,37256,2,4,1,1,1,177,1,2,0.102,0,2,3,13,548871,415000000000.0,9976205344,17,16
489,0,17,1,1,1,1,2,48690,0,1579267,36,1,2,33,0,664,584280,0.376,0,18321,2,0,4,3,1261162,0,4,15575,0,5,1,1,3,8,1,1,2.703,2,2,1,25,352822,795000000000.0,9250817760,17,14
490,0,31,1,1,2,0,1,51270,35068,319300,48,1,0,18,0,656,1036056,0.522,2,45081,0,0,0,1,3068872,0,4,44379,2,0,1,1,1,1,4,0,0.308,0,2,3,13,442843,914000000000.0,9731255235,31,13
491,0,29,0,0,0,0,2,3000,0,127979,12,1,2,27,1,715,36000,10.087,4,30262,3,0,2,2,531762,0,2,3000,2,3,1,1,2,218,2,0,3.555,1,3,2,18,596947,817000000000.0,9136385277,29,4
492,0,18,0,0,0,0,1,25376,8642,2500484,300,1,2,42,1,624,408216,0.47,3,15996,0,0,7,1,345977,0,4,15415,2,6,1,0,4,217,1,2,6.125,2,2,3,26,993868,613000000000.0,9295026480,18,15
493,0,3,0,1,2,0,1,66095,0,3284214,300,1,2,32,0,754,793140,0.474,3,31306,0,0,0,1,1747997,1,4,36097,3,6,1,1,1,221,3,2,4.141,2,4,7,28,336530,404000000000.0,9778221021,3,6
494,0,37,1,1,0,0,1,33616,22791,1468905,300,1,2,39,1,749,676884,0.82,3,46247,1,0,1,1,2014117,0,4,25464,4,1,1,0,1,221,0,0,2.17,2,0,3,13,394221,213000000000.0,9736383182,37,4
495,0,24,1,1,1,0,3,3348,3409,117903,36,0,2,47,1,506,81084,8.279,5,55940,0,2,1,1,664656,0,4,4167,4,6,1,1,1,221,2,1,1.454,1,2,8,21,779941,53970798661.0,9770673682,24,16
496,0,14,1,1,0,1,1,81865,20141,1660126,240,1,0,25,0,655,1224072,0.245,3,25028,1,0,1,1,3717145,1,4,45237,4,1,0,1,3,92,4,0,1.356,2,4,8,14,830718,682000000000.0,9505871469,14,17
497,0,18,0,1,0,0,1,96307,46348,5503587,300,0,0,31,0,533,1711860,0.05,3,7102,0,0,2,1,6315387,0,1,60512,2,1,1,1,4,221,2,1,3.215,0,2,2,7,130299,219000000000.0,9843699848,18,16
498,0,5,0,0,2,0,3,10149,3998,88110,48,1,1,36,0,722,169764,0.665,5,9404,0,0,4,1,783523,0,2,2603,2,1,1,1,4,202,0,1,0.519,1,1,6,3,136158,50938694842.0,9495988114,5,12
499,0,17,1,0,2,0,3,7908,0,409762,60,1,0,40,1,760,94896,5.049,1,39924,0,0,0,1,400659,0,4,2000,4,5,1,0,0,215,4,2,4.318,1,2,1,27,575165,887000000000.0,9673820974,17,13
500,0,2,1,1,1,1,1,40422,0,1757895,240,0,2,32,1,541,485064,0.855,1,34557,2,0,1,1,1880612,0,1,19320,1,1,1,0,0,221,0,2,3.624,2,3,2,7,664526,178000000000.0,9872258937,2,0
501,0,3,0,1,0,1,1,48363,0,2662877,360,1,2,30,0,652,580356,0.399,1,19289,0,0,1,1,1688940,0,0,28202,0,0,1,1,1,215,2,1,4.588,2,4,5,1,373029,806000000000.0,9957900124,3,4
502,0,30,1,1,0,0,1,48907,0,2434670,240,1,1,40,0,609,586884,0.374,1,18278,2,0,4,1,2152384,1,4,25569,1,0,1,1,1,221,1,4,4.148,0,1,6,16,174865,554000000000.0,9594232894,30,13
503,0,13,1,1,0,0,3,12151,0,631576,48,1,0,21,0,835,145812,2.94,2,35730,1,0,4,1,1030960,0,2,3126,0,6,1,1,2,77,3,3,4.331,1,2,0,20,10521,892000000000.0,9725629269,13,10
504,0,31,0,0,0,1,2,7986,0,298129,48,0,2,24,1,614,95832,0.48,5,3831,0,2,3,2,735894,1,2,2000,3,1,1,1,1,221,1,2,3.111,2,2,0,5,563475,895000000000.0,9784685095,31,6
505,0,17,1,1,0,0,1,59545,0,531994,12,0,1,40,0,565,714540,0.54,6,32184,1,1,8,1,1881509,1,4,31888,0,4,1,1,2,221,2,4,0.745,1,2,9,6,609983,303000000000.0,9720385934,17,0
506,0,24,0,0,2,0,1,99638,68932,510254,48,1,1,48,0,633,2022840,0.08,0,13433,0,0,2,1,6681849,0,1,78113,4,2,1,1,2,15,3,2,0.252,0,2,2,18,951442,364000000000.0,9325936781,24,10
507,0,24,0,0,1,0,1,84244,0,352679,24,1,1,20,0,753,1010928,0.0,2,0,1,0,0,1,2299478,0,2,31823,4,5,1,1,4,216,4,1,0.349,2,2,7,28,850333,501000000000.0,9769819878,24,0
508,0,31,1,1,2,0,1,47412,0,44516,24,1,1,32,0,648,568944,0.231,5,10936,4,0,12,1,1065775,0,1,15895,2,0,0,1,1,193,0,0,0.078,0,2,3,13,261848,270000000000.0,9225866059,31,3
509,0,31,0,1,0,1,1,75261,0,5747469,180,0,0,36,0,577,903132,0.325,3,24443,0,0,0,1,2368214,0,2,35665,4,1,1,1,4,217,3,2,6.364,1,2,7,28,877156,874000000000.0,9596559428,31,17
510,0,1,1,1,2,0,3,12793,0,5540788,240,0,1,46,1,586,153516,0.0,3,0,1,1,0,1,326209,0,2,7495,1,0,1,1,2,1,4,1,36.093,2,2,9,24,44767,117000000000.0,9393132155,1,8
511,0,4,1,0,0,0,1,5000,0,7883280,240,1,1,31,0,676,60000,0.0,3,0,0,0,2,1,0,0,1,2000,1,2,1,1,1,0,4,0,131.388,1,2,0,20,186740,557000000000.0,9488966997,4,17
512,0,24,1,1,0,0,2,59589,69774,8972247,240,1,2,34,0,686,1552356,0.0,3,0,1,0,1,5,4995058,1,4,57910,3,3,1,1,1,1,2,4,5.78,1,2,1,27,816903,368000000000.0,9543183281,24,17
513,0,1,0,1,3,0,1,55914,0,1084953,240,0,1,29,1,537,670968,0.72,1,40251,2,3,0,1,1836179,0,4,24101,3,6,1,1,2,1,4,2,1.617,1,2,0,20,594738,239000000000.0,9836472387,1,12
514,0,32,1,0,1,1,1,20226,0,563268,24,1,1,20,0,609,242712,0.0,4,0,0,0,3,1,1014319,0,4,5950,0,4,1,1,3,172,1,0,2.321,0,2,4,19,936599,277000000000.0,9458472629,32,0
515,0,17,1,0,3,1,1,22520,29702,235608,48,0,0,19,0,484,626664,0.0,6,0,1,0,1,1,3151511,0,4,23113,3,5,1,1,2,221,1,2,0.376,2,2,8,14,622251,919000000000.0,9717217337,17,9
516,0,31,1,1,2,0,2,59945,0,823945,240,1,1,40,1,642,719340,0.319,1,19098,0,0,4,4,1984843,0,4,21481,1,6,1,1,3,221,1,3,1.145,0,2,3,13,858336,921000000000.0,9216591438,31,4
517,0,0,1,1,0,0,1,20956,23075,217852,36,1,1,40,0,758,528372,0.42,6,18476,2,0,9,1,1358618,0,2,26341,3,2,0,0,0,221,4,3,0.412,1,2,6,3,64948,255000000000.0,9177732643,0,16
518,0,3,1,1,3,0,1,115061,74093,9259757,180,1,0,56,0,617,2269848,0.0,3,0,2,0,7,1,6964030,0,3,90772,4,0,1,1,2,1,0,4,4.079,2,4,3,26,782955,450000000000.0,9292712053,3,2
519,0,31,1,0,0,0,1,59208,0,1506393,48,1,2,42,0,653,710496,0.4,0,23693,0,0,3,1,2438339,0,4,32869,4,4,0,0,3,214,0,1,2.12,0,2,5,1,684987,138000000000.0,9125608320,31,0
520,0,40,1,1,2,1,1,5000,0,261997,24,1,2,37,1,708,60000,0.968,2,4839,0,0,3,1,230711,0,4,2000,1,6,0,1,0,221,1,0,4.367,2,3,9,24,705704,798000000000.0,9523860030,40,5
521,0,4,1,1,0,0,1,5000,1537,442684,300,1,2,29,1,752,78444,5.296,3,34621,1,0,4,1,1102058,0,2,2000,3,0,1,1,0,217,2,4,5.643,1,2,9,12,405016,620000000000.0,9102929501,4,7
522,0,33,0,0,0,1,1,19185,0,2416240,120,1,0,28,1,711,230220,1.663,1,31898,1,0,5,1,1545785,0,1,10488,3,0,1,1,4,221,2,1,10.495,0,3,0,5,406816,483000000000.0,9971912602,33,17
523,0,4,0,1,1,0,1,45095,0,350079,12,1,0,28,0,766,541140,0.614,5,27686,0,0,0,1,1618612,1,4,23820,4,0,1,1,2,185,2,2,0.647,0,2,2,2,182636,218000000000.0,9661220190,4,2
524,0,3,1,1,0,0,3,8925,0,1721353,300,0,2,33,1,529,107100,0.479,3,4276,0,0,1,1,497882,1,4,6173,3,4,1,1,1,1,3,1,16.072,2,4,6,16,357837,587000000000.0,9653802748,3,15
525,0,0,1,0,1,0,1,61095,0,2752679,300,0,2,28,1,669,733140,0.0,3,0,2,1,5,1,2323242,0,2,23654,2,1,1,0,1,1,4,2,3.755,2,2,6,4,685011,211000000000.0,9522946209,0,9
526,0,32,1,1,0,0,1,33599,0,2611631,360,1,1,21,0,735,403188,0.662,1,22250,0,0,4,1,1871027,0,2,12361,0,5,1,0,3,0,3,4,6.477,2,2,8,21,849207,610000000000.0,9371243658,32,1
527,0,39,0,0,2,0,1,49117,64281,149066,48,1,2,25,0,682,1360776,0.077,0,8703,0,0,2,1,3745036,0,4,63850,2,6,0,1,4,221,4,0,0.11,0,3,5,1,285028,642000000000.0,9615927387,39,5
528,0,24,0,1,2,0,1,41843,0,406590,60,1,2,26,0,689,502116,1.019,6,42630,0,0,7,1,2043987,0,2,19342,2,1,1,1,2,221,4,0,0.81,1,2,4,17,901752,991000000000.0,9248155420,24,10
529,0,18,0,0,0,1,2,23964,0,2712476,180,1,0,28,0,656,287568,0.299,1,7159,0,0,3,1,835761,0,4,7069,4,0,1,1,3,221,0,0,9.432,0,2,9,12,271465,301000000000.0,9491579554,18,11
530,0,0,0,1,0,0,1,63440,0,6880832,300,1,1,29,0,605,761280,0.472,3,29948,1,0,3,1,2286817,0,4,24431,3,2,1,1,3,0,2,3,9.039,0,2,6,3,245504,471000000000.0,9181030683,0,15
531,0,4,1,1,2,0,1,20617,0,165102,24,1,1,33,0,834,247404,0.492,5,10146,0,0,3,1,725769,1,4,6997,3,1,1,0,0,221,3,2,0.667,1,2,1,25,482541,417000000000.0,9712901507,4,8
532,0,0,1,1,1,0,1,32059,0,109233,24,0,2,42,0,571,384708,0.135,5,4324,0,0,3,1,834395,0,4,19424,2,6,0,1,2,0,2,2,0.284,2,2,0,23,140045,67130735104.0,9584743621,0,9
533,0,25,0,1,0,1,2,3112,2771,2962144,300,0,0,18,1,456,70596,1.858,3,10932,1,0,1,1,14025,0,2,5883,1,5,1,1,1,217,4,1,41.959,1,3,4,17,152040,963000000000.0,9703180533,25,13
534,0,32,1,1,2,0,1,29171,0,2565963,180,0,2,26,1,526,350052,0.656,1,19148,0,0,0,1,1089098,1,1,20847,1,5,1,1,1,1,1,2,7.33,1,2,6,4,532133,467000000000.0,9700046661,32,7
535,0,16,0,1,0,0,1,29695,17238,4236533,240,0,2,38,1,525,563196,0.399,3,18735,0,1,1,1,1505684,0,4,24327,3,1,1,1,2,217,2,4,7.522,1,0,8,10,462212,901000000000.0,9049388194,16,16
536,0,18,0,1,0,0,1,76177,0,390269,60,1,0,58,0,747,914124,0.0,4,0,1,0,1,1,1802881,1,4,26449,1,4,1,0,1,218,0,0,0.427,0,2,8,14,238807,152000000000.0,9769873137,18,2
537,0,6,1,1,2,0,3,3229,0,505726,36,1,0,32,1,735,38748,6.312,2,20380,1,0,0,1,0,1,4,3229,0,6,1,1,3,0,0,2,13.052,1,3,2,18,92133,698000000000.0,9077943325,6,11
538,0,4,1,1,0,0,1,5000,0,887178,48,1,2,30,1,711,60000,1.493,0,7465,2,0,5,1,61870,0,1,5000,4,2,0,0,2,0,4,4,14.786,0,2,6,3,965349,899000000000.0,9262037087,4,4
539,0,13,1,1,0,0,1,54162,2787,970000,300,1,2,39,0,663,683388,0.0,3,0,1,0,1,1,1860816,0,2,19940,2,6,1,1,1,221,4,0,1.419,0,2,6,3,154111,160000000000.0,9989897211,13,2
540,0,29,1,1,0,0,1,48627,0,4840054,240,1,2,33,0,677,583524,0.337,3,16390,1,0,0,1,1011740,0,3,22708,4,1,1,1,4,1,3,1,8.295,0,3,4,19,802659,889000000000.0,9221758839,29,2
541,0,32,1,0,0,1,2,39608,0,520343,60,1,2,42,0,759,475296,0.898,5,35553,2,0,2,1,731468,0,4,17145,3,2,1,1,4,198,0,4,1.095,0,2,5,1,985848,708000000000.0,9712369149,32,13
542,0,0,1,0,1,0,1,43156,0,360334,12,1,1,35,0,615,517872,0.383,5,16538,0,0,1,1,1498120,1,2,16875,0,2,1,1,2,186,4,1,0.696,2,2,2,7,210541,129000000000.0,9769704095,0,10
543,0,17,1,0,3,0,2,64772,0,4772303,300,0,0,32,1,527,777264,0.256,3,16606,1,0,1,2,2166892,1,4,42941,2,6,1,1,1,221,2,1,6.14,0,2,2,18,578210,196000000000.0,9488356517,17,13
544,0,4,0,1,0,1,1,71369,0,192568,36,1,2,23,0,699,856428,0.408,4,29153,0,0,2,1,2576986,1,0,28250,4,4,0,1,1,221,0,1,0.225,2,2,6,4,266484,96496683496.0,9047842170,4,17
545,0,18,1,1,0,0,1,62037,0,420976,60,1,1,28,0,726,744444,0.683,0,42377,1,0,1,1,1484402,0,4,28673,3,2,1,1,1,1,0,1,0.565,2,2,5,1,478827,162000000000.0,9089348688,18,10
546,0,24,0,0,0,0,2,3000,0,5727933,360,0,0,30,1,672,36000,8.862,3,26587,0,1,4,1,432546,0,3,3000,4,2,1,1,1,0,1,3,159.109,2,2,3,11,822565,625000000000.0,9091141319,24,10
547,0,20,1,1,0,0,1,40076,0,2656618,120,0,1,43,1,521,480912,1.06,1,42495,0,0,0,1,1398068,1,2,18333,3,3,1,0,1,221,4,1,5.524,2,4,8,10,718258,924000000000.0,9304588165,20,16
548,0,1,1,1,0,0,3,16046,10831,1501825,300,0,2,49,1,584,322524,2.346,3,63063,3,0,0,1,1031356,1,2,17726,2,1,1,1,1,217,4,4,4.656,0,2,6,4,57891,447000000000.0,9440966177,1,8
549,0,17,0,0,0,0,0,44427,33852,7045979,300,1,2,19,0,600,939348,0.458,3,35834,1,0,6,1,2163050,0,3,25698,4,5,1,1,1,0,2,3,7.501,1,2,5,15,926711,499000000000.0,9214174681,17,10
550,0,31,1,0,2,0,1,60349,0,293884,12,1,0,28,0,672,724188,0.0,5,0,2,0,6,1,1676519,0,4,22976,3,6,1,1,4,0,0,2,0.406,0,2,8,10,291869,266000000000.0,9987486941,31,1
551,0,10,1,0,2,0,1,69204,85053,440740,48,0,0,24,1,627,1851084,0.0,5,0,1,1,1,1,6404448,0,2,63931,0,2,1,0,2,219,2,1,0.238,0,4,8,10,353644,450000000000.0,9360511716,10,0
552,0,17,0,0,0,0,3,10478,7665,10904733,240,1,2,27,1,656,217716,2.126,3,38567,2,0,0,1,455614,1,2,7783,2,6,1,1,4,84,0,2,50.087,1,2,0,23,642593,886000000000.0,9455906700,17,16
553,0,40,0,1,1,0,2,43304,29420,1960869,120,1,2,42,0,730,872688,0.234,1,17040,1,0,2,5,2965980,0,4,28928,0,5,1,1,1,221,3,1,2.247,0,3,3,13,478973,942000000000.0,9489667605,40,11
554,0,4,1,1,1,1,2,10849,0,4211716,240,1,1,31,1,760,130188,3.576,3,38798,0,0,9,3,941711,0,1,2062,2,6,1,1,2,115,0,2,32.351,0,2,9,12,853816,45657758097.0,9453389062,4,10
555,0,38,1,0,1,0,1,30578,15310,346091,12,1,0,23,0,612,550656,0.62,4,28459,1,0,3,1,932115,0,2,14542,2,1,1,1,3,1,3,0,0.629,2,2,8,21,635621,662000000000.0,9953006221,38,14
556,0,32,0,1,1,1,2,65575,0,246943,120,0,2,39,0,598,786900,0.066,1,4309,2,0,6,3,2945142,0,4,34439,0,6,1,1,2,215,1,2,0.314,1,2,6,4,319948,277000000000.0,9011241158,32,5
557,0,9,1,1,2,0,1,62308,44691,570690,24,1,2,28,0,671,1283988,0.271,4,29011,0,0,0,1,4648725,0,4,51352,3,3,1,1,4,173,2,0,0.444,0,3,5,9,758111,601000000000.0,9823129957,9,16
558,0,17,1,1,0,1,1,25514,7343,1617517,360,1,2,30,0,713,394284,0.241,1,7915,0,0,3,1,48989,0,4,24520,3,2,1,0,4,215,2,1,4.102,2,2,9,6,806471,264000000000.0,9437536596,17,4
559,0,32,1,1,0,0,1,81025,114582,572652,36,1,0,30,0,778,2347284,0.027,5,5228,0,0,1,1,7742001,0,4,80774,1,2,1,1,1,219,0,1,0.244,1,2,4,22,619417,853000000000.0,9854540064,32,7
560,0,17,0,1,0,0,2,38642,0,247667,48,0,0,29,0,579,463704,0.367,4,14179,0,0,0,0,665502,0,4,15386,3,2,1,1,2,1,4,0,0.534,1,2,8,21,63239,752000000000.0,9979177633,17,7
561,0,20,1,1,0,0,1,68975,0,387813,360,1,0,42,0,609,827700,0.121,1,8319,0,0,4,1,2434773,0,4,39102,3,3,1,1,1,0,0,4,0.469,0,4,6,4,973145,204000000000.0,9019630453,20,0
562,0,17,1,1,1,0,1,19809,0,7258326,240,1,2,49,0,727,237708,0.581,3,11508,0,0,1,1,886576,0,4,11088,1,6,1,1,4,1,2,1,30.535,2,2,7,8,599280,588000000000.0,9181677848,17,8
563,0,0,0,1,3,0,1,74344,0,7588819,120,1,2,37,0,662,892128,0.072,3,5330,1,0,0,1,1508418,1,2,35599,3,1,0,1,0,217,3,3,8.506,0,2,7,28,510283,244000000000.0,9517993781,0,16
564,0,13,1,0,0,0,1,50670,56850,649884,24,1,0,24,0,602,1290240,0.0,2,0,1,0,6,1,4190650,0,2,51057,3,4,1,1,1,1,0,3,0.504,2,2,8,14,989074,913000000000.0,9969882904,13,1
565,0,33,1,0,0,0,2,47514,0,1337874,60,0,0,18,1,511,570168,0.59,0,28026,1,3,1,3,1682953,0,4,30319,3,0,0,1,3,221,0,4,2.346,1,3,1,27,462917,271000000000.0,9864242383,33,2
566,0,17,1,1,3,1,3,3566,1050,1598401,120,0,0,36,1,576,55392,0.015,1,67,0,3,1,1,412944,0,1,2000,0,5,1,0,1,221,0,4,28.856,0,2,6,16,409469,339000000000.0,9328809832,17,17
567,0,17,1,1,1,0,1,19490,0,351517,48,1,2,33,1,717,233880,1.516,5,29545,1,0,3,1,0,0,4,2000,2,1,1,0,1,221,3,0,1.503,1,2,2,2,460479,102000000000.0,9610089876,17,15
568,0,15,1,0,0,1,3,9930,0,4659254,300,1,2,43,0,653,119160,0.0,3,0,2,0,5,1,350292,0,4,7907,0,6,0,1,2,123,3,3,39.101,2,1,4,19,689307,144000000000.0,9319807468,15,17
569,0,13,1,1,0,0,1,30757,0,548011,48,0,2,22,1,445,369084,0.0,0,0,1,2,1,1,887396,0,4,14572,3,3,0,1,0,214,0,3,1.485,1,2,0,5,671136,470000000000.0,9054596715,13,16
570,0,4,1,1,0,1,3,25533,0,4129756,360,1,2,18,0,701,306396,0.0,3,0,0,0,2,1,1065853,0,4,16477,3,1,1,1,4,113,3,3,13.478,1,2,4,22,282222,666000000000.0,9340785169,4,5
571,0,9,1,1,0,0,1,60933,29603,2119794,300,0,1,38,0,528,1086432,0.224,3,20236,3,0,9,1,2852271,1,3,41234,4,6,1,1,3,0,3,4,1.951,2,3,3,26,357276,89058366834.0,9826899962,9,13
572,0,23,0,0,2,0,2,3000,0,3743959,300,0,1,28,1,534,36000,0.0,3,0,1,0,0,1,0,0,4,3000,2,1,1,1,2,221,0,0,103.999,0,3,3,26,457750,83868889178.0,9791505962,23,12
573,0,35,1,0,3,0,2,43630,29027,596245,300,1,1,37,0,611,871884,0.465,3,33784,1,0,3,3,2251325,0,0,34770,4,4,1,1,1,221,3,1,0.684,2,4,1,0,622,976000000000.0,9789826041,35,4
574,0,4,1,0,0,0,1,45453,0,6008888,300,0,1,27,0,565,545436,0.016,3,710,3,0,0,1,2199872,0,4,17396,3,3,1,1,3,1,3,0,11.017,0,2,4,19,871509,522000000000.0,9412746921,4,15
575,0,4,0,1,0,0,3,9749,2495,172049,12,0,1,27,1,534,146928,3.352,4,41039,0,0,6,1,17059,0,0,12244,1,0,0,1,3,221,3,3,1.171,1,2,5,9,61541,824000000000.0,9297589170,4,5
576,0,24,1,1,2,0,1,41288,41188,50267,24,1,1,24,0,623,989712,0.372,5,30709,0,0,1,1,3711481,1,4,36792,1,5,0,1,0,197,1,4,0.051,0,2,8,21,557005,219000000000.0,9092257090,24,0
577,0,18,1,1,2,0,1,82795,0,847830,360,0,2,32,0,580,993540,0.0,3,0,0,2,0,1,2890301,0,0,41384,1,4,1,0,1,217,0,4,0.853,2,2,2,7,86440,636000000000.0,9282895400,18,8
578,0,18,0,1,1,1,2,53395,0,318691,36,1,2,28,0,600,640740,0.428,5,22840,0,0,3,1,1513517,0,4,24338,2,4,1,1,3,0,2,2,0.497,2,2,1,27,976085,822000000000.0,9507105801,18,15
579,0,25,1,1,1,0,2,7171,0,9795942,240,1,0,39,0,670,86052,0.457,3,3275,4,0,0,1,1167848,1,4,3316,4,5,1,1,4,217,0,3,113.837,1,3,3,26,246346,92711526105.0,9370923007,25,8
580,0,17,0,1,1,1,2,9252,0,3140496,120,0,2,39,1,704,111024,2.707,3,25046,3,1,1,0,0,0,1,4222,4,4,1,1,3,221,3,3,28.287,1,2,7,28,355036,7418948543.0,9298769893,17,11
581,0,1,1,1,3,0,2,38928,0,33933,48,1,0,24,0,653,467136,0.016,5,618,3,0,2,5,2423569,0,4,12644,2,5,1,1,2,221,1,0,0.073,2,2,8,14,304979,945000000000.0,9481310450,1,17
582,0,0,1,1,1,0,0,11129,0,220733,36,1,0,34,0,762,133548,0.475,2,5288,2,0,2,1,250386,0,3,2000,2,0,1,0,0,70,4,3,1.653,2,2,8,10,545251,963000000000.0,9352680648,0,11
583,0,24,1,1,0,0,1,61964,0,2921221,300,1,0,18,0,631,743568,0.068,3,4233,0,0,0,1,1359357,0,4,28798,1,6,1,1,0,0,1,2,3.929,1,2,4,19,91766,674000000000.0,9425364628,24,0
584,0,38,1,1,2,0,1,17513,0,6353968,300,1,2,37,0,660,210156,0.0,3,0,1,0,0,1,650145,0,1,2000,2,2,1,1,0,0,0,0,30.235,2,2,8,21,270043,77406579551.0,9562392090,38,4
585,0,32,1,0,1,0,2,17098,7135,954449,60,1,0,30,0,608,290796,0.0,0,0,0,0,0,1,246371,0,3,16170,2,1,1,1,3,0,1,4,3.282,1,2,8,21,487584,107000000000.0,9861902547,32,13
586,0,37,0,0,0,0,1,65247,0,742204,48,1,1,40,0,708,782964,0.0,0,0,0,0,6,1,1895782,0,2,35893,2,1,1,1,3,214,0,3,0.948,1,0,4,19,417712,221000000000.0,9122759500,37,14
587,0,24,0,1,3,1,1,49909,0,1000545,36,1,2,41,0,610,598908,0.598,0,29822,1,0,0,1,1201844,1,4,20527,1,6,1,1,0,1,4,3,1.671,1,2,7,8,973978,152000000000.0,9074071732,24,2
588,0,24,0,1,3,1,2,99430,54410,270590,24,0,2,47,0,599,1846080,0.132,5,20287,0,0,2,1,4797001,0,4,68684,4,5,1,1,3,221,2,1,0.147,0,2,3,13,182336,59503100649.0,9340391045,24,17
589,0,18,1,1,0,0,2,60583,0,179965,12,1,1,39,0,747,726996,0.173,6,10488,0,0,6,1,2402934,0,3,33368,1,1,1,0,2,1,1,4,0.248,0,2,4,17,392410,609000000000.0,9599285535,18,1
590,0,4,0,1,1,1,1,31981,0,6141009,360,1,2,33,1,705,383772,1.429,3,45702,3,0,1,1,1279288,0,2,10590,0,5,1,1,1,139,0,4,16.002,1,2,6,3,870047,561000000000.0,9968018677,4,5
591,0,2,1,0,1,0,1,27670,0,4662707,240,1,2,46,1,620,332040,0.38,3,10515,1,0,3,1,2528857,0,2,7831,0,0,1,0,3,124,0,2,14.043,2,3,4,19,83644,378000000000.0,9300677625,2,1
592,0,10,0,1,1,0,2,42404,0,6987565,360,1,2,25,1,640,508848,0.842,3,35694,1,0,6,4,1772357,0,0,20354,1,1,1,0,3,217,2,4,13.732,0,4,4,17,665688,250000000000.0,9417842902,10,17
593,0,2,1,1,0,1,1,51992,0,8043681,300,1,0,29,0,696,623904,0.629,3,32686,1,0,3,1,1499310,0,4,21978,3,5,1,1,0,221,3,2,12.892,0,3,0,20,203067,451000000000.0,9088684302,2,15
594,0,32,1,1,1,1,1,72699,0,1149509,240,0,0,29,0,598,872388,0.0,1,0,3,0,3,1,2122789,0,4,38266,3,1,1,1,0,1,0,0,1.318,0,2,2,18,369973,673000000000.0,9875921299,32,11
595,0,39,1,0,2,0,1,9403,0,6933608,300,0,1,39,1,700,112836,2.191,3,20605,0,1,0,1,18313,1,4,4339,1,0,1,1,0,1,3,3,61.449,0,3,9,12,724242,603000000000.0,9214770920,39,2
596,0,40,1,0,3,0,1,31774,12533,701014,240,0,0,37,1,559,531684,0.0,1,0,0,0,2,1,1911818,1,4,19537,2,3,1,0,1,1,3,1,1.318,2,3,2,2,646981,524000000000.0,9158189705,40,15
597,0,17,1,0,1,0,1,33233,0,133945,24,1,1,26,0,696,398796,1.76,2,58478,0,0,2,1,545667,0,4,15031,1,0,1,1,3,216,1,1,0.336,0,2,7,8,57278,186000000000.0,9977216880,17,0
598,0,13,1,0,2,0,0,18099,16546,6750040,360,0,0,44,0,591,415740,0.244,3,8457,0,0,1,1,1299757,0,3,21936,0,5,1,1,0,0,0,1,16.236,2,2,8,14,584174,789000000000.0,9284540182,13,14
599,0,32,1,0,0,1,1,107782,0,342613,36,1,1,34,0,739,1293384,0.084,5,9101,2,0,0,1,4517535,0,4,50666,3,1,1,1,4,0,4,0,0.265,0,2,1,0,607539,2839482322.0,9041447432,32,3
600,0,31,1,0,2,0,1,80003,24369,530982,24,1,1,30,0,641,1252464,0.102,2,10664,0,0,0,1,3804654,0,2,50708,1,2,1,0,1,1,1,0,0.424,2,2,2,2,671500,660000000000.0,9423227752,31,15
601,0,38,0,1,2,0,1,51570,0,1095468,240,1,2,29,1,621,618840,0.667,1,34401,1,0,1,1,1650468,0,4,33758,1,5,0,1,0,0,0,2,1.77,0,2,0,5,936321,303000000000.0,9005937775,38,13
602,0,18,1,1,2,0,0,3000,0,890459,240,1,0,41,1,806,36000,4.991,1,14973,1,0,0,1,0,0,3,2000,0,4,1,1,1,1,4,3,24.735,2,2,3,11,624955,983000000000.0,9469029831,18,16
603,0,28,0,1,0,0,1,83774,55253,454655,360,1,1,34,0,626,1668324,0.495,3,68806,0,0,1,1,5298873,1,1,65915,2,1,0,1,0,120,2,2,0.273,2,0,9,12,310255,842000000000.0,9670805685,28,11
604,0,23,0,0,1,0,2,33360,0,867548,120,0,1,34,0,627,400320,0.0,1,0,1,3,1,5,1453491,1,0,12398,3,6,1,1,4,215,2,3,2.167,1,3,7,28,984842,63621986550.0,9494440766,23,9
605,0,26,0,0,0,0,1,5723,0,796343,360,1,1,26,1,800,68676,0.6,1,3432,0,0,0,1,505817,0,3,2000,3,1,1,1,0,215,1,2,11.596,1,4,9,24,827949,340000000000.0,9226261142,26,5
606,0,1,1,1,1,0,0,26138,0,745409,36,1,1,31,1,644,313656,1.363,0,35626,0,0,0,1,1467257,0,4,13970,1,0,1,0,0,24,0,2,2.377,1,2,0,5,559253,259000000000.0,9991962341,1,13
607,0,24,1,1,1,1,2,64480,68574,313800,24,1,1,18,0,705,1596648,0.0,5,0,0,0,10,1,5055090,0,4,60313,0,3,1,0,4,0,3,1,0.197,2,2,9,12,355503,385000000000.0,9333430311,24,12
608,0,36,1,0,1,0,2,58443,62141,8421845,300,0,0,20,1,584,1447008,0.172,3,20769,0,0,9,3,4099625,1,2,48012,4,6,1,1,3,155,4,4,5.82,0,0,5,1,200113,605000000000.0,9694535365,36,6
609,0,22,0,1,0,1,1,53961,0,2494590,360,1,1,48,1,701,647532,0.813,1,43897,1,0,0,1,2173210,1,2,21705,1,1,0,1,2,1,4,3,3.852,0,4,9,6,422050,699000000000.0,9450809594,22,3
610,0,4,1,0,0,0,1,5000,0,9228303,300,1,2,44,1,715,60000,3.077,3,15384,0,0,2,1,0,0,4,5000,1,1,1,1,0,221,4,2,153.805,0,2,2,18,653045,269000000000.0,9130742359,4,15
611,0,17,1,1,1,0,1,5631,0,152760,48,1,0,28,1,710,67572,7.705,4,43385,0,0,1,1,0,1,4,2000,1,2,1,1,2,218,0,2,2.261,2,2,9,12,978429,614000000000.0,9454307963,17,2
612,0,35,0,0,0,0,1,16623,7132,3014822,300,1,1,33,1,612,285060,0.991,3,23541,0,0,0,1,392837,0,4,16821,4,4,1,1,1,217,0,0,10.576,1,4,0,20,305569,8178522115.0,9871845235,35,5
613,0,25,1,0,0,0,1,22266,0,10243165,300,0,1,22,1,576,267192,0.0,3,0,0,0,1,1,887965,0,4,16564,3,5,1,0,0,81,4,4,38.336,1,3,6,4,351083,874000000000.0,9652377729,25,11
614,0,0,1,1,0,1,1,39475,25106,636577,24,1,0,18,0,628,774972,0.0,5,0,2,0,0,1,2053001,1,3,25227,1,1,1,1,4,1,3,0,0.821,2,2,7,28,787184,634000000000.0,9810558000,0,17
615,0,38,1,0,0,1,1,50729,0,11722952,180,0,2,27,1,682,608748,0.0,3,0,1,2,0,1,1672561,0,3,19571,0,4,1,0,3,0,4,2,19.257,2,2,1,27,388661,221000000000.0,9439136817,38,14
616,0,25,0,1,0,1,1,61018,0,1288244,60,1,1,39,0,687,732216,0.0,1,0,0,0,3,1,2837074,0,4,25026,3,1,1,1,3,221,1,3,1.759,0,3,4,17,897735,137000000000.0,9297352595,25,9
617,0,39,0,0,0,0,2,3000,0,9711138,120,1,0,49,1,609,36000,0.0,3,0,0,0,3,4,383053,0,3,2000,2,2,0,0,0,1,0,0,269.754,2,3,0,20,710017,227000000000.0,9573532366,39,8
618,0,1,0,0,0,0,2,48064,9021,170343,24,1,0,31,0,682,685020,0.326,5,18631,0,0,1,1,3056506,0,2,20742,0,4,1,1,3,0,0,0,0.249,2,2,5,1,285092,76108708269.0,9718236010,1,6
619,0,31,0,0,1,1,2,40941,27221,301774,24,0,1,29,1,577,817944,0.736,5,50145,0,0,3,1,2013528,0,1,34946,1,5,1,1,3,1,1,1,0.369,0,2,2,2,505970,616000000000.0,9846735742,31,17
620,0,31,1,0,2,1,1,30644,0,6352787,360,1,1,35,1,654,367728,0.689,3,21117,1,0,3,1,911502,0,4,13769,0,5,1,1,2,0,3,4,17.276,1,2,0,20,192756,223000000000.0,9922256062,31,1
621,0,13,1,1,1,0,2,38936,0,1695624,240,1,1,22,0,654,467232,0.251,1,9766,1,0,5,5,748429,0,4,13622,3,4,1,0,4,215,2,4,3.629,0,2,0,5,166205,63731180467.0,9413075384,13,15
622,0,29,2,1,0,0,2,61425,14769,290764,60,1,2,38,0,765,914328,0.06,4,4537,2,0,2,3,4224090,0,4,38555,4,3,1,1,0,221,1,4,0.318,0,3,5,1,234927,201000000000.0,9975615470,29,12
623,0,18,0,1,0,0,3,8740,11944,5582518,300,0,0,24,1,565,248208,0.955,3,19750,3,0,0,1,772607,0,2,10648,1,2,1,1,0,221,4,2,22.491,0,2,8,21,231539,912000000000.0,9564091969,18,9
624,0,0,0,1,0,0,1,21341,0,145433,24,1,1,40,1,627,256092,1.093,4,23333,2,0,2,1,562012,0,4,21341,2,6,1,1,1,218,1,4,0.568,1,2,3,26,178976,788000000000.0,9620197121,0,17
625,0,1,0,0,0,0,3,21753,0,547222,240,0,1,42,1,477,261036,1.544,1,33587,2,0,0,1,565725,0,4,13709,0,4,1,1,3,215,4,3,2.096,1,2,9,12,644717,394000000000.0,9987312677,1,10
626,0,24,0,1,3,0,1,101269,16741,555793,48,0,1,39,0,586,1416120,0.258,0,30476,0,0,15,1,4915456,0,4,56659,0,4,1,1,1,18,2,1,0.392,1,2,2,7,374373,228000000000.0,9865339431,24,8
627,0,0,1,0,3,0,1,10534,0,492774,60,0,1,55,1,599,126408,0.0,6,0,2,0,1,1,670237,1,4,2954,1,0,1,1,2,220,0,0,3.898,0,2,7,28,357011,431000000000.0,9191505764,0,7
628,0,25,1,1,1,0,1,37382,0,922024,360,0,2,43,0,521,448584,0.0,3,0,1,1,2,1,1185579,1,4,5747,3,6,1,0,0,221,0,2,2.055,0,3,3,13,303042,747000000000.0,9486764979,25,2
629,0,1,1,0,2,1,2,9241,0,768491,60,0,0,26,1,496,110892,4.088,0,37778,1,0,0,4,671828,0,1,5859,3,3,1,1,0,221,4,1,6.93,0,2,9,12,635681,637000000000.0,9553730964,1,11
630,0,22,1,1,0,0,1,48594,27528,677857,24,1,0,50,0,684,913464,0.0,2,0,2,0,3,1,2820673,1,1,37073,1,5,1,0,4,216,2,1,0.742,1,4,3,11,484303,771000000000.0,9059702551,22,14
631,0,11,1,1,0,1,0,45309,8806,2593523,240,1,1,36,0,781,649380,0.029,3,1596,2,0,5,1,1578393,0,2,28653,3,1,1,1,2,1,2,4,3.994,1,4,5,15,417348,764000000000.0,9895965466,11,10
632,0,4,1,0,2,0,1,43673,0,205068,240,1,2,35,0,763,524076,1.012,1,44177,1,0,1,1,633708,0,4,15884,4,2,1,1,1,221,1,0,0.391,2,2,9,6,374997,443000000000.0,9939344974,4,10
633,0,4,1,0,0,0,1,64803,0,636331,180,1,2,24,0,647,777636,0.0,1,0,0,0,0,1,2475343,1,3,37681,2,0,1,1,1,62,2,0,0.818,1,2,3,26,928039,641000000000.0,9629739889,4,5
634,0,14,1,1,0,0,1,46825,56408,27857,36,1,1,26,0,734,1238796,0.314,5,32381,1,0,2,1,3852602,1,1,59252,4,1,1,0,1,184,0,0,0.022,2,4,2,2,770793,211000000000.0,9548534655,14,6
635,0,32,1,1,1,0,1,40674,19359,6889379,240,1,2,29,1,672,720396,0.415,3,24911,2,0,3,1,1860502,0,4,19316,4,3,1,1,0,146,4,3,9.563,2,2,3,11,24935,203000000000.0,9293900251,32,17
636,0,11,0,0,2,0,1,79441,0,6441500,360,1,0,40,1,653,953292,0.305,3,24206,0,0,1,1,3333786,0,4,31925,0,4,0,1,0,0,2,1,6.757,1,4,2,2,379265,757000000000.0,9086199314,11,12
637,0,29,0,1,2,0,1,53967,23830,418667,48,1,2,18,0,601,933564,0.26,5,20237,1,0,10,1,2661294,0,4,38307,2,3,1,1,4,219,4,0,0.448,0,3,5,1,590738,346000000000.0,9034236220,29,10
638,0,1,1,1,0,0,1,28387,20136,304419,12,1,2,36,0,629,582276,0.0,5,0,0,0,1,1,1631403,0,0,23034,1,2,1,0,3,1,0,4,0.523,0,2,0,5,738707,742000000000.0,9686800852,1,5
639,0,0,1,0,2,0,2,8582,0,7372279,120,1,2,44,0,628,102984,0.0,3,0,2,0,3,0,1041052,0,4,8582,1,2,1,1,2,217,4,1,71.587,0,2,7,8,998597,218000000000.0,9502385022,0,4
640,0,1,0,1,1,0,0,14562,0,86823,12,1,0,29,0,742,174744,1.397,5,20340,1,0,4,1,382924,0,4,5856,0,3,1,1,3,1,2,0,0.497,0,2,3,26,925971,665000000000.0,9930202569,1,15
641,0,2,1,1,0,1,0,58378,0,3465702,360,1,1,25,1,624,700536,0.958,3,55898,0,0,5,1,1523905,0,4,23682,3,4,1,1,2,0,2,3,4.947,0,3,0,20,37981,30334677116.0,9750762799,2,12
642,0,17,1,1,0,0,1,80035,5801,309132,36,0,1,40,0,599,1030032,0.081,2,6931,0,0,12,1,2991017,1,4,38086,3,4,0,1,3,1,3,4,0.3,1,2,8,14,123853,24530123984.0,9723034202,17,4
643,0,0,0,1,1,0,1,34129,23166,200481,48,1,0,46,0,603,687540,0.627,5,35932,0,0,1,1,2786031,0,3,27002,3,5,1,1,4,0,4,4,0.292,2,2,9,6,58070,190000000000.0,9764871775,0,5
644,0,32,1,1,0,1,0,33618,19475,627238,240,1,2,36,0,667,637116,0.219,1,11637,2,0,5,1,1672330,0,4,24756,0,2,1,1,2,0,4,2,0.984,1,2,7,8,898146,992000000000.0,9725812259,32,0
645,0,17,1,0,1,1,1,46855,0,4409203,360,1,2,29,0,605,562260,0.0,3,0,0,0,4,1,2250268,0,2,17789,0,1,1,1,2,1,2,2,7.842,1,2,3,13,775829,567000000000.0,9791212110,17,15
646,0,32,0,1,1,1,1,57521,0,1033358,180,1,2,34,0,735,690252,0.475,1,27301,1,0,1,1,3029417,0,4,23835,1,6,1,1,0,28,3,2,1.497,0,2,5,1,82913,804000000000.0,9403925199,32,5
647,0,38,1,1,3,0,1,101807,0,580746,60,0,2,40,0,612,1221684,0.422,2,42931,0,2,3,1,4258577,0,4,34528,4,3,1,1,3,0,0,2,0.475,1,2,8,14,278295,952000000000.0,9387220542,38,17
648,0,29,0,1,1,0,2,3000,0,1208385,360,1,1,34,1,653,36000,6.745,3,20236,1,0,6,4,699447,0,4,2000,4,2,0,0,1,86,3,2,33.566,0,3,2,18,698302,265000000000.0,9444704887,29,3
649,0,2,1,0,2,0,3,8902,2227,1358253,180,1,2,41,0,682,133548,0.446,1,4964,1,0,0,1,364534,0,2,2000,2,6,1,0,3,31,1,2,10.171,2,3,3,13,966463,505000000000.0,9195377492,2,13
650,0,29,1,1,0,0,2,29695,15293,5751290,300,0,1,33,1,422,539856,0.305,3,13712,0,0,2,4,2205916,0,4,17864,2,5,1,1,0,217,0,3,10.653,1,3,7,8,659152,296000000000.0,9259206165,29,4
651,0,4,1,0,0,0,1,79450,0,903670,120,1,2,35,0,608,953400,0.422,1,33509,0,0,2,1,2532912,1,2,36561,0,3,1,1,3,0,1,0,0.948,2,2,2,2,435189,921000000000.0,9630295596,4,10
652,0,2,1,0,0,0,1,85676,0,1500755,180,0,0,32,1,591,1028112,0.104,1,8928,2,0,5,1,3351659,0,1,43868,0,6,1,0,1,221,2,1,1.46,2,3,7,8,223519,726000000000.0,9498085133,2,15
653,0,13,0,0,3,0,1,23223,0,10403152,240,1,0,42,1,612,278676,1.004,3,23321,2,0,3,1,473301,1,2,11038,3,2,1,0,4,221,3,1,37.331,2,2,0,23,446450,800000000000.0,9121548158,13,17
654,0,13,1,1,0,1,2,65529,0,8701361,240,1,0,19,0,615,786348,0.356,3,23361,0,0,3,3,3066759,0,4,33757,2,1,1,1,0,221,3,2,11.066,2,2,7,28,514021,876000000000.0,9806442006,13,14
655,0,1,1,1,0,0,2,34792,0,85849,24,1,0,38,0,733,417504,0.986,4,34321,1,0,5,1,529812,0,1,23457,1,5,1,1,2,0,4,3,0.206,2,2,3,13,503863,779000000000.0,9419623421,1,17
656,0,25,0,1,0,0,1,5000,0,1043137,180,1,1,50,1,605,60000,4.562,1,22809,0,0,1,1,0,0,0,2849,3,5,1,1,3,0,3,3,17.386,0,3,7,8,478386,213000000000.0,9831478911,25,6
657,0,22,1,1,0,0,1,67110,0,2160131,360,0,1,45,1,630,805320,0.364,1,24460,0,1,1,1,1889390,0,1,30595,2,6,0,0,2,45,0,3,2.682,0,4,3,26,787667,270000000000.0,9318003666,22,16
658,0,4,1,0,0,1,2,34849,0,357854,12,1,2,46,0,686,418188,0.525,4,18305,0,0,1,0,1533156,0,2,11889,4,3,1,1,2,221,3,1,0.856,2,2,6,16,73693,532853863.0,9105052438,4,10
659,0,20,0,1,2,0,1,60489,0,4623005,180,0,2,37,0,576,725868,0.0,3,0,1,0,4,1,2776218,1,4,28625,1,2,1,1,2,221,3,4,6.369,0,4,5,9,770427,58269299007.0,9686276332,20,4
660,0,4,1,0,1,0,3,13958,0,1277509,72,1,2,30,0,688,167496,0.0,0,0,0,0,0,1,171744,0,2,8086,4,5,1,1,2,1,0,1,7.627,2,2,0,23,534722,963000000000.0,9267136841,4,16
661,0,9,1,1,0,1,2,3000,0,2658565,240,1,0,26,1,706,36000,9.643,1,28929,1,0,0,1,360077,0,4,3000,2,0,1,0,3,54,0,4,73.849,1,3,2,2,238048,282000000000.0,9279187506,9,6
662,0,1,1,1,2,0,1,59902,10247,4743237,240,0,1,43,1,595,841788,0.0,3,0,1,0,0,1,2685112,0,2,36188,0,3,1,1,4,217,0,1,5.635,0,2,1,25,997376,107000000000.0,9192797617,1,3
663,0,38,1,1,0,0,1,54248,0,7766520,300,1,0,35,0,717,650976,0.229,3,12404,2,0,2,1,2100934,0,4,28890,2,3,1,0,4,151,2,3,11.931,1,2,2,18,361871,970000000000.0,9665686295,38,15
664,0,9,0,0,1,0,3,12797,0,654339,60,0,1,33,0,508,153564,0.0,2,0,1,2,0,1,0,0,4,3152,2,5,1,1,2,221,4,4,4.261,2,3,6,4,729704,735000000000.0,9460742990,9,2
665,0,17,1,0,1,0,1,28185,0,177200,36,1,1,33,0,611,338220,1.011,2,28508,1,0,0,1,1279114,1,2,9338,2,5,1,1,1,1,3,0,0.524,0,2,9,24,112282,730000000000.0,9708089747,17,5
666,0,0,1,1,1,0,1,49052,45539,405513,36,1,2,34,0,755,1135092,0.286,5,27080,0,0,2,1,3913073,0,4,43596,3,4,1,1,2,221,2,4,0.357,0,2,5,1,524897,995000000000.0,9673478536,0,4
667,0,18,1,0,1,0,2,66393,0,1341680,120,1,1,22,0,729,796716,0.466,1,30931,1,0,3,3,2795296,0,1,29938,0,6,1,1,2,221,1,2,1.684,2,2,5,15,888085,650000000000.0,9605210262,18,2
668,0,13,1,1,1,0,3,6680,5184,2278065,180,0,0,36,1,512,142368,0.452,1,5365,0,1,0,1,544079,0,4,2275,0,4,1,1,4,48,4,1,16.001,0,2,4,22,698502,649000000000.0,9813088983,13,0
669,0,10,1,1,1,0,0,28608,7325,4876962,360,1,1,47,0,721,431196,0.747,3,26842,3,0,2,1,1251748,0,4,16448,4,3,1,1,0,0,0,3,11.31,2,4,8,21,949909,488000000000.0,9302750003,10,0
670,0,0,1,1,0,0,1,82610,55939,478918,24,1,2,41,0,710,1662588,0.0,4,0,1,0,8,1,5371598,0,2,62840,4,4,1,1,2,0,3,4,0.288,0,2,8,10,867976,662000000000.0,9849378467,0,0
671,0,13,1,1,0,0,1,37316,25282,398719,24,1,1,34,0,685,751176,0.572,2,35800,1,0,0,1,1773602,1,2,27044,0,2,1,1,1,1,1,3,0.531,0,2,5,1,296402,18726001365.0,9103444429,13,0
672,0,13,1,0,0,1,3,12599,0,5460645,360,1,0,37,1,626,151188,1.52,3,19150,0,0,1,1,213384,0,1,2000,4,4,1,1,4,0,4,0,36.118,0,2,7,28,61916,457000000000.0,9155996725,13,11
673,0,31,1,0,0,0,1,80026,0,3991560,360,1,2,18,0,783,960312,0.188,3,15023,0,0,4,1,3146574,0,0,40831,2,2,1,1,1,217,0,3,4.157,0,2,6,3,682306,219000000000.0,9476484559,31,10
674,0,31,1,0,1,0,2,28471,28115,124503,36,1,2,30,0,682,679032,0.263,6,14887,2,0,1,2,1877011,0,2,22762,0,1,1,1,4,220,0,2,0.183,2,2,3,26,914095,521000000000.0,9553129003,31,13
675,0,18,1,0,2,0,1,55208,47968,465502,24,1,0,37,0,648,1238112,0.0,4,0,0,0,0,1,3893704,0,2,55331,3,4,0,1,2,221,1,1,0.376,0,2,6,16,507328,212000000000.0,9839585585,18,14
676,0,4,0,0,1,0,2,85359,0,6423149,240,1,2,38,0,772,1024308,0.0,3,0,0,0,9,1,2868587,1,1,35226,1,1,1,1,4,0,2,4,6.271,1,2,6,16,201307,425000000000.0,9917105080,4,12
677,0,13,1,0,1,0,1,74998,0,3835914,300,0,2,36,1,624,899976,0.588,3,44064,3,2,6,1,3248637,0,4,31843,2,6,1,1,1,221,2,0,4.262,0,2,9,24,681408,148000000000.0,9478417159,13,7
678,0,13,1,0,0,0,1,102829,100725,3862262,240,1,2,25,0,602,2442648,0.049,3,9937,1,0,7,1,7708615,0,3,97762,4,6,1,1,2,221,3,1,1.581,0,2,3,26,70969,345000000000.0,9331836113,13,10
679,0,24,1,1,0,1,1,5000,0,472284,48,0,1,27,1,579,60000,3.342,5,16709,0,2,1,1,179023,0,4,2000,2,0,1,1,4,195,2,4,7.871,2,2,5,9,124851,261000000000.0,9787304862,24,1
680,0,38,1,0,1,0,1,90499,0,871771,36,1,1,32,0,667,1085988,0.45,0,40715,0,0,9,1,3339213,0,4,40868,1,1,1,1,4,221,1,3,0.803,0,2,2,18,592766,217000000000.0,9189156734,38,5
681,0,1,1,1,2,0,1,99242,6607,6583958,300,1,2,29,1,604,1270188,0.165,3,17510,0,0,2,1,3461575,0,4,50415,3,4,1,0,1,221,0,2,5.183,2,2,7,28,566125,178000000000.0,9629994664,1,1
682,0,13,1,1,2,1,2,3000,0,407217,360,1,0,38,1,647,36000,4.373,3,13119,1,0,3,0,0,0,4,2000,4,5,1,0,1,1,1,4,11.312,1,2,4,19,998875,999000000000.0,9390835211,13,4
683,0,13,0,0,2,1,2,3000,0,5733567,300,1,1,35,0,633,36000,0.496,3,1487,1,0,1,1,0,1,2,2000,1,3,1,1,4,0,3,0,159.266,2,2,3,26,104086,844000000000.0,9795728575,13,12
684,0,17,0,0,3,1,1,22701,14427,1880936,360,1,2,22,0,665,445536,0.66,1,24519,0,0,8,1,1330197,0,4,12932,2,1,1,1,2,1,2,2,4.222,0,2,5,15,980183,819000000000.0,9124883971,17,2
685,0,24,1,0,0,0,1,53357,0,320658,48,1,0,20,0,667,640284,0.185,5,9863,0,0,2,1,1967622,0,1,23098,4,5,1,0,4,0,0,4,0.501,2,2,4,22,86284,984000000000.0,9681123038,24,3
686,0,22,0,1,0,0,1,9931,0,2467724,240,1,1,18,0,672,119172,0.0,1,0,1,0,0,1,0,0,4,9931,2,4,1,1,2,52,0,1,20.707,1,4,8,21,664382,812000000000.0,9009921779,22,0
687,0,0,1,0,3,0,1,62873,0,259852,24,1,0,31,0,742,754476,0.0,5,0,0,0,1,1,1855988,1,1,24773,1,0,1,0,1,1,3,3,0.344,0,2,8,21,607737,287000000000.0,9070532601,0,15
688,0,0,1,0,2,0,1,48262,0,546191,36,1,1,36,0,775,579144,0.578,0,27903,1,0,0,1,1677296,0,4,17115,0,0,0,1,2,16,3,4,0.943,0,2,3,11,44552,910000000000.0,9136090858,0,15
689,0,0,1,1,2,0,2,53971,52582,275296,36,1,1,32,0,658,1278636,0.241,5,25701,2,0,3,5,3270592,0,3,55490,0,5,1,1,4,219,0,3,0.215,0,2,5,9,88268,105000000000.0,9587366271,0,9
690,0,32,0,1,2,0,1,68419,0,1008160,60,1,2,35,0,696,821028,0.031,0,2145,0,0,1,1,2515921,0,0,30760,0,0,1,0,1,0,4,3,1.228,2,2,8,10,664953,969000000000.0,9561547315,32,13
691,0,24,0,1,1,0,1,102809,59850,1334421,120,1,2,34,0,724,1951908,0.0,1,0,3,0,4,1,5561134,0,1,68798,1,1,1,1,3,30,3,3,0.684,1,2,7,8,323731,979000000000.0,9902837727,24,16
692,0,22,1,1,0,0,1,50441,31805,494945,36,1,1,30,0,743,986952,0.255,5,20976,0,0,1,1,2425728,0,1,40985,0,0,1,1,3,1,3,3,0.501,0,4,6,16,283798,967000000000.0,9441610197,22,1
693,0,13,1,0,1,0,1,77614,83175,1299462,36,0,2,31,0,580,1929468,0.312,0,50115,1,1,5,1,6135576,0,4,65216,3,6,1,1,1,3,0,2,0.673,0,2,0,5,532134,846000000000.0,9273042763,13,11
694,0,31,1,1,2,0,2,78409,0,9903107,300,1,0,56,1,661,940908,0.418,3,32780,0,0,1,1,3004273,0,1,36589,4,5,1,0,3,162,0,0,10.525,2,2,6,16,962996,144000000000.0,9096906764,31,16
695,0,9,1,1,1,0,2,8321,0,190224,360,1,2,18,0,604,99852,0.535,3,4453,1,0,0,3,0,0,3,2000,4,2,1,1,3,217,2,1,1.905,0,3,3,11,94405,288000000000.0,9587271743,9,16
696,0,4,0,1,0,0,2,3000,1028,692188,48,1,2,28,0,646,48336,0.0,0,0,0,0,1,2,0,0,2,2000,3,3,1,0,4,214,1,1,14.32,2,2,7,8,467746,164000000000.0,9738775833,4,9
697,0,38,0,1,0,0,1,5000,0,669144,120,0,2,38,1,587,60000,6.113,3,30566,1,0,2,1,311470,0,4,5000,0,3,1,0,4,217,3,2,11.152,1,2,7,28,929802,770000000000.0,9386028262,38,12
698,0,33,0,1,0,0,1,52598,57760,342569,24,1,2,41,0,609,1324296,0.052,6,5752,0,0,3,1,3318079,1,3,51232,4,6,1,1,0,220,4,1,0.259,0,3,9,12,475595,41231905772.0,9044100794,33,15
699,0,13,1,0,2,1,3,1911,0,77848,180,1,2,31,1,640,22932,23.392,1,44703,0,0,1,1,378355,0,4,1911,3,1,1,1,0,215,2,4,3.395,1,2,3,11,929036,245000000000.0,9224870987,13,17
700,0,4,0,0,2,1,3,5209,1393,1342198,48,1,1,42,1,712,79224,6.777,0,44745,0,0,0,1,0,0,2,2000,3,3,1,0,3,0,3,0,16.942,1,2,7,28,379465,963000000000.0,9043261189,4,0
701,0,31,1,0,0,0,3,15160,7051,1618620,360,0,2,30,1,578,266532,0.684,1,15201,0,0,1,1,1019537,0,4,6730,3,1,1,1,4,1,3,4,6.073,2,2,4,17,535707,469000000000.0,9672020095,31,10
702,0,24,0,1,0,1,1,25628,2827,256920,60,0,1,30,0,569,341460,0.626,0,17805,1,1,8,1,1478185,1,0,8683,3,6,1,1,1,11,0,1,0.752,1,2,7,28,960563,220000000000.0,9795001732,24,1
703,0,1,1,0,0,0,1,77996,0,548070,24,1,2,37,0,756,935952,0.003,2,245,1,0,2,1,3019607,0,4,32503,4,3,0,1,3,0,2,1,0.586,0,2,3,11,838142,73971307221.0,9138690871,1,13
704,0,1,0,1,0,1,2,30000,0,58772,12,1,1,35,0,622,360000,0.024,4,727,1,0,4,1,994131,0,4,18078,4,2,1,1,0,175,2,4,0.163,1,2,1,0,493395,210000000000.0,9817074436,1,0
705,0,2,0,0,0,0,1,60282,0,664206,24,1,2,35,0,703,723384,0.472,2,28468,1,0,6,1,1869981,0,4,28257,2,5,1,1,1,0,1,4,0.918,1,3,6,3,392626,442000000000.0,9394120944,2,2
706,0,0,1,1,0,1,1,31182,37120,23769,360,1,1,29,0,714,819624,0.35,1,23897,0,0,1,1,2958922,1,4,25781,2,0,0,1,3,1,0,4,0.029,0,2,1,0,574678,690000000000.0,9617948024,0,12
707,0,38,2,0,1,1,3,12969,3095,8786829,300,1,1,24,0,708,192768,0.0,3,0,0,0,0,1,747121,0,1,10572,2,6,1,0,1,217,4,1,45.582,1,2,8,10,39328,852000000000.0,9912686498,38,11
708,0,4,1,1,0,0,1,96967,0,1496024,180,0,2,38,1,761,1163604,0.381,1,36988,1,1,0,1,2935892,0,4,38616,2,1,1,1,4,215,1,3,1.286,0,2,9,6,941303,869000000000.0,9447408378,4,8
709,0,29,1,1,2,1,1,35588,0,528407,36,1,1,37,0,721,427056,0.0,4,0,4,0,2,1,1267442,0,4,20833,2,2,1,1,4,0,3,2,1.237,0,3,3,11,313875,907000000000.0,9698369235,29,10
710,0,23,0,1,1,1,1,16131,14521,18931,24,0,1,25,0,556,367824,0.904,5,27698,2,0,1,1,699833,0,3,12066,0,5,1,1,3,182,4,0,0.051,2,3,9,24,223725,486000000000.0,9654622021,23,14
711,0,18,1,1,2,0,3,10540,0,1718056,60,1,0,54,1,680,126480,4.668,1,49197,1,0,0,1,646655,0,4,10540,4,0,1,1,0,221,3,4,13.584,0,2,0,23,986392,721000000000.0,9886346739,18,15
712,0,38,0,1,0,0,1,31813,0,55917,48,1,0,43,1,634,381756,1.376,5,43764,1,0,2,1,1401019,0,4,19669,0,2,0,1,3,199,3,4,0.146,0,2,3,11,153691,88991141600.0,9916923273,38,2
713,0,38,1,0,2,0,3,3902,0,6593067,300,0,2,25,1,577,46824,0.0,3,0,0,0,0,1,182729,0,2,3902,2,4,1,1,0,0,0,1,140.805,0,2,3,13,397827,898000000000.0,9867463000,38,3
714,0,9,1,0,2,0,3,15174,0,5909746,300,1,2,42,1,640,182088,0.829,3,12575,2,0,0,1,1110450,0,2,14960,3,2,1,1,4,1,4,2,32.455,2,3,9,24,362863,336000000000.0,9198545829,9,7
715,0,24,1,0,2,1,1,70996,0,6457503,300,1,0,29,0,732,851952,0.0,3,0,1,0,0,1,1905389,0,0,25741,2,4,1,1,1,1,3,2,7.58,0,2,6,3,566221,340000000000.0,9756999449,24,5
716,0,24,1,1,2,0,1,50871,0,331287,48,0,1,31,0,591,610452,0.0,5,0,0,0,2,1,1169069,0,4,25457,1,0,1,1,2,219,2,3,0.543,1,2,7,28,853370,720000000000.0,9822387940,24,17
717,0,17,0,1,0,0,3,17622,0,59800,24,1,1,24,1,743,211464,1.135,5,20008,0,0,0,1,556428,0,4,2582,0,4,1,1,0,0,2,2,0.283,1,2,7,8,668218,85817452735.0,9364235700,17,7
718,0,34,1,1,0,0,1,105075,0,336162,300,1,0,38,0,652,1260900,0.0,3,0,0,0,0,1,4268435,0,1,49380,0,6,1,1,2,103,4,4,0.267,0,1,2,2,427904,918000000000.0,9559046100,34,2
719,0,31,1,0,1,1,1,42713,0,199429,360,1,0,41,0,709,512556,0.0,1,0,2,0,2,1,2291451,0,4,17607,4,6,1,1,4,215,3,4,0.389,1,2,3,11,409634,305000000000.0,9271012329,31,11
720,0,23,1,1,0,0,1,45583,0,2296935,240,1,0,42,0,717,546996,0.0,1,0,1,0,0,1,1181478,0,4,15609,2,2,1,1,0,0,0,1,4.199,0,3,2,18,978929,120000000000.0,9446042276,23,10
721,0,32,0,0,1,0,1,50430,0,519460,12,1,0,32,0,694,605160,0.0,5,0,0,0,1,1,1663447,1,2,21705,4,5,1,1,3,219,0,3,0.858,1,2,9,6,550809,19153057347.0,9243586176,32,4
722,0,1,1,1,2,0,3,18017,10373,7354427,240,1,1,41,1,763,340680,1.016,3,28857,1,0,4,1,1357399,0,4,4951,3,2,1,1,3,148,3,4,21.587,0,2,6,3,566142,513000000000.0,9562241976,1,4
723,0,31,0,1,0,0,1,78566,0,9887624,360,1,1,26,0,701,942792,0.19,3,14930,0,0,0,1,3159985,0,4,38116,2,6,1,1,3,1,3,4,10.488,1,2,1,27,684994,495000000000.0,9061848974,31,17
724,0,38,1,1,1,0,2,3000,0,1676734,120,1,1,30,1,714,36000,8.168,3,24505,2,0,1,1,677339,1,1,3000,0,4,1,1,2,93,4,3,46.576,1,2,6,3,515961,543000000000.0,9156495254,38,14
725,0,23,1,1,1,0,3,0,0,3502974,300,1,2,43,1,608,0,17822.0,3,17822,1,0,0,1,0,0,4,0,1,0,1,1,1,105,2,3,100.0,2,3,4,22,655867,441000000000.0,9273063435,23,7
726,0,40,1,1,2,0,2,35655,19293,683574,60,1,1,40,0,622,659376,0.0,2,0,1,0,7,2,2760108,1,4,20575,1,3,1,0,4,221,0,0,1.037,0,3,5,9,421471,219000000000.0,9051102125,40,7
727,0,4,1,1,1,1,2,3000,0,474974,36,1,1,30,1,646,36000,8.125,5,24375,0,0,6,0,210592,0,4,3000,1,1,1,1,1,219,3,2,13.194,2,2,0,23,233304,412000000000.0,9037218600,4,9
728,0,38,1,0,2,1,1,71637,0,7474756,180,1,2,27,0,642,859644,0.134,3,9606,2,0,3,1,2055889,0,1,34573,2,5,1,1,2,150,3,1,8.695,2,2,6,3,668035,320000000000.0,9003471317,38,15
729,0,12,1,1,0,0,1,29975,20075,8784496,360,1,2,43,0,760,600600,0.0,3,0,0,0,11,1,2244813,0,2,23993,1,3,1,1,2,217,0,3,14.626,0,3,3,26,918399,860000000000.0,9947855011,12,9
730,0,32,1,1,3,0,1,51809,0,363749,48,0,0,18,1,542,621708,1.119,0,57991,1,0,8,1,2068198,1,0,25536,3,6,1,1,4,1,1,3,0.585,2,2,1,25,267025,358000000000.0,9072790371,32,11
731,0,38,0,0,1,0,1,58515,43835,260024,36,1,1,46,0,712,1228200,0.0,0,0,0,0,1,1,3479634,0,2,46865,4,5,1,1,4,12,4,2,0.212,2,2,2,18,472259,88197223996.0,9477183753,38,0
732,0,24,0,0,0,0,2,68154,70449,528736,60,0,1,40,0,555,1663236,0.206,0,28543,0,0,3,0,5473422,0,4,63662,1,5,1,1,4,0,3,1,0.318,1,2,1,25,87596,810000000000.0,9002443236,24,14
733,0,39,1,1,3,0,1,44822,0,8980982,300,1,2,20,0,603,537864,0.522,3,23386,1,0,0,1,1630976,0,2,25762,3,3,1,1,4,217,1,2,16.697,0,3,6,3,748450,691000000000.0,9067516913,39,12
734,0,0,1,1,0,1,1,77674,35048,438177,60,0,1,18,0,560,1352664,0.164,6,18519,0,0,2,1,3956050,0,3,54304,2,4,1,1,0,221,3,2,0.324,0,2,6,3,714098,502000000000.0,9350842431,0,4
735,0,17,1,1,2,0,2,3000,0,3322443,180,1,2,43,0,601,36000,0.0,3,0,2,0,0,5,986801,0,3,2000,4,6,1,1,0,217,2,4,92.29,2,2,0,23,774368,248000000000.0,9910530215,17,8
736,0,11,1,0,0,0,1,43256,0,1752876,360,1,0,25,0,793,519072,0.0,1,0,0,0,14,1,2769922,0,0,19069,0,4,1,0,3,0,0,4,3.377,2,4,7,28,512486,586000000000.0,9110501476,11,5
737,0,12,1,1,1,0,2,67156,0,317643,48,1,1,26,0,673,805872,0.851,4,57133,2,0,4,5,2427232,0,2,26741,2,5,0,1,1,1,1,4,0.394,0,3,6,4,505092,896000000000.0,9817751239,12,12
738,0,13,0,0,3,0,1,48029,0,831942,72,0,2,26,1,593,576348,0.833,0,39997,1,0,10,1,1189718,0,2,25779,4,6,1,0,3,221,0,0,1.443,1,2,3,26,608218,816000000000.0,9602446546,13,2
739,0,24,1,1,0,0,1,28009,0,511424,36,1,2,27,0,635,336108,0.0,2,0,1,0,1,1,540404,0,4,19886,4,4,1,1,4,76,2,2,1.522,2,2,1,0,693361,51710730871.0,9564783703,24,15
740,0,31,1,1,1,1,1,69574,69036,85093,48,1,0,40,0,643,1663320,0.082,5,11354,3,0,5,1,4591953,1,2,65480,4,5,1,1,0,219,1,4,0.051,0,2,1,25,419189,438000000000.0,9260292546,31,3
741,0,1,1,0,0,1,1,27230,0,1088380,60,0,0,38,1,591,326760,0.767,1,20896,2,0,10,1,603400,1,4,7946,4,4,1,1,1,29,0,3,3.331,1,2,7,8,143271,729000000000.0,9763271353,1,4
742,0,13,1,1,0,0,1,47834,19044,335637,60,1,0,41,0,729,802536,0.026,5,1746,1,0,15,1,2357659,0,1,35520,3,3,1,1,1,221,2,0,0.418,0,2,7,28,22006,626000000000.0,9604886932,13,0
743,0,3,1,0,1,0,1,69593,0,6160309,300,1,0,42,0,620,835116,0.0,3,0,0,0,0,1,2608789,1,2,28146,2,1,1,1,3,221,2,4,7.377,2,4,8,21,557741,341000000000.0,9159764053,3,1
744,0,2,1,0,0,1,3,7721,0,1216412,120,1,2,38,1,674,92652,2.149,1,16595,0,0,2,1,1224682,0,2,7721,4,1,0,1,3,1,4,1,13.129,1,3,7,28,870152,78977554261.0,9903842273,2,13
745,0,8,1,0,1,0,1,54934,72702,185668,300,1,1,35,0,752,1531632,0.0,3,0,0,0,1,1,4776456,0,4,59835,4,3,0,1,4,221,1,3,0.121,0,0,6,4,372832,320000000000.0,9769171620,8,7
746,0,18,0,0,1,1,1,45273,0,466701,48,0,2,35,1,623,543276,0.313,2,14152,1,2,7,1,2361471,1,4,17087,0,5,1,1,2,216,3,4,0.859,0,2,6,16,51152,851000000000.0,9216903922,18,16
747,0,17,1,1,1,1,1,48104,0,1109879,360,1,1,37,0,677,577248,0.0,1,0,4,0,5,1,1162892,0,3,25713,1,2,1,1,2,0,1,1,1.923,2,2,6,16,737509,698000000000.0,9680177031,17,13
748,0,6,0,1,1,0,1,39561,0,1300406,360,0,1,57,1,565,474732,1.143,1,45217,1,0,6,1,1350893,0,1,19810,3,1,0,1,1,221,2,4,2.739,2,3,0,5,277051,50049332672.0,9446931729,6,5
749,0,18,0,1,0,1,3,20614,5458,1536279,240,1,2,29,1,776,312864,0.926,1,24152,0,0,0,1,1460088,0,1,8645,3,0,1,1,2,1,2,3,4.91,0,2,1,25,238965,381000000000.0,9599851939,18,10
750,0,15,0,0,0,1,1,22619,2140,6815912,240,1,0,32,1,606,297108,2.677,3,66269,2,0,4,1,694924,1,4,11738,2,6,1,0,4,0,1,0,22.941,2,1,6,4,889734,273000000000.0,9496026676,15,1
751,0,2,0,0,2,0,1,47315,0,926370,48,1,0,30,0,696,567780,0.763,0,36110,0,0,3,1,1765625,1,4,23564,1,6,1,1,1,214,0,0,1.632,1,3,6,4,345805,285000000000.0,9708864067,2,12
752,0,13,1,1,1,0,2,12826,0,341082,12,1,1,33,1,684,153912,3.055,6,39181,2,0,1,2,123553,1,4,5946,4,1,1,0,2,221,3,1,2.216,2,2,7,8,480200,208000000000.0,9543904489,13,0
753,0,25,1,1,0,0,1,39467,0,441185,36,1,0,26,0,624,473604,0.024,5,932,1,0,2,1,1633895,0,1,21293,0,3,1,1,2,1,4,1,0.932,0,3,3,11,313416,225000000000.0,9025550193,25,1
754,0,24,0,1,1,0,2,33973,0,617218,48,0,2,37,1,607,407676,0.594,0,20194,0,2,8,5,1556719,0,4,21985,2,4,1,1,0,20,2,0,1.514,2,2,9,6,193887,36988843933.0,9324362962,24,16
755,0,1,1,1,2,0,1,22257,0,6052518,240,1,1,36,0,749,267084,0.0,3,0,2,0,1,1,964041,0,2,2000,4,5,1,1,2,0,4,3,22.661,2,2,5,15,463345,598000000000.0,9759659992,1,0
756,0,39,1,1,1,0,1,97389,0,3317479,360,1,1,34,0,615,1168668,0.079,3,7725,0,0,7,1,3512498,0,4,49793,3,4,1,1,4,217,1,4,2.839,2,3,2,2,326329,376000000000.0,9106294193,39,2
757,0,18,1,0,3,1,1,51826,0,4939695,300,0,2,32,1,583,621912,0.359,3,18624,3,0,9,1,2309377,0,2,28874,1,2,1,1,1,0,3,3,7.943,0,2,8,10,153702,192000000000.0,9626475286,18,5
758,0,17,0,1,1,0,1,65320,0,159542,24,1,1,31,0,610,783840,0.413,5,26947,0,0,10,1,2490025,1,4,29895,0,5,1,1,0,1,3,3,0.204,1,2,7,8,169145,210000000000.0,9845240321,17,8
759,0,31,1,1,0,1,1,53294,55261,415825,24,0,2,42,0,653,1302660,0.288,5,31254,1,1,5,1,4303175,0,1,38917,1,6,1,1,3,219,4,2,0.319,0,2,8,10,586084,355000000000.0,9430877972,31,5
760,0,1,1,0,0,1,1,25858,13554,275311,48,1,0,19,0,623,472944,0.63,0,24837,1,0,11,1,1496669,0,3,26862,2,2,1,1,0,0,4,0,0.582,0,2,1,27,411611,254000000000.0,9192048770,1,11
761,0,12,1,0,1,0,1,35114,0,855545,48,1,0,38,0,702,421368,0.656,0,23050,0,0,5,1,1943989,0,2,15577,1,3,0,1,1,0,4,0,2.03,2,3,1,27,553838,693000000000.0,9590257846,12,5
762,0,17,0,0,0,0,1,60413,0,266403,48,1,1,35,0,688,724956,0.131,2,7924,1,0,1,1,2808634,0,1,28704,2,0,1,1,0,0,2,4,0.367,2,2,4,19,368567,586000000000.0,9620846729,17,14
763,0,38,0,1,3,0,1,58890,0,87357,24,1,1,38,0,789,706680,0.675,5,39747,0,0,3,1,1802663,0,4,21309,0,5,1,1,4,1,0,0,0.124,2,2,8,21,995196,355000000000.0,9018256247,38,14
764,0,17,1,0,3,0,1,40851,28807,213254,180,1,0,20,0,821,835896,0.102,1,7127,0,0,0,1,2086135,0,4,32877,2,6,1,1,2,1,2,0,0.255,2,2,5,1,655734,394000000000.0,9992900966,17,14
765,0,33,0,1,0,0,1,37868,0,6207776,240,1,2,36,1,628,454416,0.689,3,26085,1,0,0,1,1318808,0,4,16524,1,1,0,1,1,140,0,4,13.661,1,3,1,0,311766,266000000000.0,9174003910,33,8
766,0,17,1,0,0,0,2,49228,39783,1484144,360,0,2,39,0,577,1068132,0.232,1,20639,1,0,0,5,3549443,0,2,31113,4,2,1,1,4,215,2,3,1.389,2,2,3,11,17741,354000000000.0,9936006082,17,2
767,0,32,1,1,2,0,1,60874,0,748358,36,1,0,40,1,666,730488,0.348,0,21182,2,0,1,1,2054082,0,4,27249,3,4,1,1,4,0,0,1,1.024,1,2,1,27,13824,56461607626.0,9438500953,32,2
768,0,23,0,1,3,0,3,6168,3259,1642230,180,1,1,46,0,643,113124,0.0,1,0,0,0,1,1,0,1,4,7710,4,5,1,1,2,215,3,3,14.517,1,3,6,3,184674,462000000000.0,9094416423,23,15
769,0,20,1,0,1,0,1,27464,0,190854,24,1,1,49,0,740,329568,0.413,6,11338,0,0,0,1,1381153,0,2,8343,4,0,1,1,4,208,3,2,0.579,1,4,7,28,960061,441000000000.0,9606349429,20,0
770,0,32,1,0,2,0,2,41635,13330,373421,360,0,1,18,0,587,659580,0.595,3,32710,1,0,3,0,1997563,0,4,20303,1,2,1,1,0,217,0,2,0.566,1,2,9,6,769899,176000000000.0,9993242024,32,4
771,0,4,0,1,2,0,0,26866,0,1480984,60,1,0,30,1,633,322392,3.068,1,82436,0,0,9,1,321277,0,4,10566,3,1,1,1,3,1,0,1,4.594,1,2,0,5,993432,444000000000.0,9869479025,4,7
772,0,31,1,0,1,0,1,59584,0,186421,24,0,0,45,0,516,715008,0.08,6,4765,2,0,0,1,1582487,0,4,27673,1,3,1,1,1,220,4,2,0.261,2,2,5,1,853378,363000000000.0,9641009538,31,1
773,0,24,0,1,0,1,1,38921,0,86915,60,1,0,33,0,609,467052,0.0,5,0,1,0,1,1,1044727,0,2,13048,2,4,1,1,4,0,3,3,0.186,1,2,8,21,291571,422000000000.0,9378146047,24,11
774,0,4,1,0,1,0,3,13432,0,97602,36,1,0,37,0,669,161184,0.501,2,6723,2,0,0,1,762831,0,4,5149,1,0,0,1,4,80,2,4,0.606,1,2,2,18,236836,379000000000.0,9875646726,4,10
775,0,25,1,1,0,0,2,3000,0,284721,48,1,2,30,0,714,36000,0.0,6,0,0,0,0,5,523928,0,4,3000,1,5,1,1,2,211,1,1,7.909,1,3,7,8,566714,542000000000.0,9729108450,25,2
776,0,29,0,0,2,0,1,106490,0,684787,72,1,2,51,0,639,1277880,0.401,0,42661,0,0,4,1,2509521,0,4,61243,2,2,0,1,1,1,0,1,0.536,1,3,5,1,411972,43566050337.0,9469833067,29,2
777,0,18,1,1,3,1,1,42701,42393,932831,60,0,1,27,0,549,1021128,0.069,0,5853,0,0,4,1,3029500,0,2,41322,1,2,1,1,2,1,0,4,0.914,2,2,0,20,633313,672000000000.0,9190878865,18,9
778,0,0,1,1,0,0,2,70799,0,162912,12,1,2,32,0,634,849588,0.433,4,30628,0,0,6,0,2180699,0,1,30782,3,4,1,1,4,0,4,4,0.192,1,2,5,1,392011,907000000000.0,9876055049,0,17
779,0,27,1,0,1,0,1,30865,0,431752,36,1,1,28,0,636,370380,0.214,5,6605,1,0,3,1,1227178,1,2,14074,2,3,1,1,1,1,2,3,1.166,1,1,6,3,948501,705000000000.0,9320162907,27,9
780,0,40,0,0,1,0,2,89926,0,6334190,120,1,1,35,0,682,1079112,0.0,3,0,0,0,1,1,2323738,0,2,34361,3,5,1,1,2,143,3,2,5.87,0,3,3,13,464504,289000000000.0,9533717086,40,7
781,0,38,1,1,1,1,1,70946,0,9640979,360,1,0,27,1,642,851352,0.557,3,39491,1,0,9,1,2479338,0,4,30449,3,0,1,1,1,221,4,1,11.324,1,2,3,26,687560,269000000000.0,9549014599,38,11
782,0,18,1,1,1,0,1,65440,71260,4509778,360,1,0,42,0,641,1640400,0.136,3,18618,1,0,1,1,5372009,0,4,56156,1,0,1,1,4,221,3,3,2.749,0,2,1,0,47808,692000000000.0,9982438843,18,0
783,0,36,1,1,0,1,2,40563,0,3787056,300,1,1,22,1,653,486756,0.665,3,26979,1,0,4,0,1732175,0,4,19988,3,0,0,1,1,221,4,1,7.78,2,0,6,16,246897,178000000000.0,9158901649,36,17
784,0,38,0,1,0,0,2,84424,83158,7389405,240,1,2,36,0,625,2010984,0.16,3,26882,0,0,2,2,6140783,0,4,77590,4,4,1,0,2,217,2,1,3.675,1,2,5,15,806127,504000000000.0,9070308808,38,8
785,0,24,1,0,0,0,2,23344,0,982018,48,1,1,27,1,659,280128,2.204,0,51447,1,0,2,1,1188699,0,4,4920,4,4,0,1,4,0,0,2,3.506,1,2,1,0,911484,628000000000.0,9007288959,24,14
786,0,4,0,1,2,1,2,64993,0,6341312,360,1,2,43,0,662,779916,0.0,3,0,0,0,4,1,1803377,0,2,31686,0,1,1,1,3,144,1,2,8.131,2,2,1,27,986829,412000000000.0,9276620808,4,17
787,0,38,0,0,0,1,2,24586,42,497456,180,1,1,47,0,640,295536,0.181,1,4458,0,0,3,0,1890678,0,4,16756,0,6,1,1,3,221,2,4,1.683,1,2,4,17,684338,917000000000.0,9962458701,38,14
788,0,18,1,1,1,0,1,38524,0,246883,360,0,1,39,1,594,462288,0.973,3,37487,0,1,5,1,1225854,0,4,16075,3,1,1,1,4,0,0,2,0.534,1,2,4,19,135529,424000000000.0,9375302849,18,2
789,0,29,1,1,3,0,1,40082,0,339798,24,1,2,23,0,681,480984,0.289,5,11571,0,0,0,1,2154624,0,4,12686,2,3,1,0,2,0,1,1,0.706,2,3,7,8,485035,397000000000.0,9055364818,29,2
790,0,1,1,0,0,0,3,4309,2539,4920755,240,1,0,29,0,633,82176,0.0,3,0,0,0,1,1,265712,0,1,6848,0,6,1,1,4,129,2,0,59.881,1,2,8,21,597277,36488215977.0,9385466232,1,10
791,0,0,0,0,0,0,1,42026,0,19968,48,1,1,37,0,707,504312,0.355,0,14932,1,0,2,1,1329004,0,4,21083,2,3,1,1,1,214,1,1,0.04,1,2,7,8,844125,668000000000.0,9949722042,0,3
792,0,18,1,1,2,1,1,55496,0,277405,36,0,0,25,1,614,665952,0.436,6,24200,0,2,0,1,2613098,0,4,18281,1,5,1,1,1,221,1,2,0.417,0,2,7,8,193979,270000000000.0,9962356999,18,17
793,0,14,1,1,1,0,2,14333,0,539868,24,0,2,37,1,665,171996,1.765,6,25294,0,1,0,0,1129127,0,0,5819,3,1,1,1,2,221,2,1,3.139,1,4,3,13,605049,983000000000.0,9792560413,14,5
794,0,13,1,0,2,0,1,5000,0,704824,240,1,1,28,1,709,60000,1.661,1,8306,1,0,1,1,23338,0,0,2000,2,6,1,1,4,1,1,0,11.747,0,2,5,15,349782,84931539839.0,9122600014,13,7
795,0,0,1,0,1,0,0,33195,0,235773,36,0,2,35,1,566,398340,1.812,5,60147,1,0,4,1,1648609,0,4,14870,2,6,1,0,1,219,3,2,0.592,2,2,4,19,518009,763000000000.0,9410389752,0,4
796,0,24,1,1,1,1,1,58603,0,2123599,60,1,0,19,0,636,703236,0.0,1,0,2,0,1,1,2736239,0,3,21184,0,3,1,1,2,215,4,4,3.02,2,2,1,0,607943,99865642240.0,9592082353,24,16
797,0,23,1,1,3,0,0,18321,0,3278196,360,1,2,38,0,682,219852,0.829,3,15185,2,0,11,1,1365311,0,4,2000,3,4,1,1,0,101,0,4,14.911,0,3,3,26,948161,669000000000.0,9056820175,23,10
798,0,4,1,0,1,0,2,10141,12632,1278283,240,1,2,38,1,686,273276,0.976,3,22218,0,0,2,0,291890,0,2,7304,1,5,1,1,2,1,2,3,4.678,0,2,4,22,931650,966000000000.0,9434741253,4,8
799,0,24,1,1,0,1,1,59322,0,301278,48,0,1,39,0,492,711864,0.0,6,0,0,2,0,1,1544697,1,4,24074,0,4,1,1,4,212,0,0,0.423,1,2,0,5,494146,956000000000.0,9750361920,24,17
800,0,13,1,1,3,1,1,66471,0,143751,24,1,2,23,0,630,797652,0.179,5,11925,3,0,6,1,1607893,0,4,29422,1,5,0,1,1,0,2,0,0.18,1,2,8,10,896475,992000000000.0,9424447489,13,16
801,0,23,0,1,3,0,3,9614,0,220451,48,0,0,28,1,506,115368,3.672,6,35307,0,0,0,1,476892,0,4,2000,2,1,0,1,4,1,1,0,1.911,1,3,9,6,587848,608000000000.0,9519170851,23,6
802,0,4,1,1,2,1,1,50523,15191,215947,12,1,2,20,0,646,788568,0.0,5,0,1,0,0,1,2025994,0,1,31024,1,1,1,1,4,221,4,4,0.274,0,2,0,23,492760,290000000000.0,9185805581,4,15
803,0,18,0,1,1,0,1,25447,0,2593750,360,1,0,31,1,660,305364,0.63,3,16034,1,0,0,1,1936016,0,4,11446,3,6,1,1,1,1,3,1,8.494,0,2,8,21,204764,450000000000.0,9004093045,18,7
804,0,13,0,1,0,0,1,24204,0,122149,36,1,2,40,0,765,290448,0.125,6,3029,0,0,7,1,755656,0,2,10778,0,4,1,1,4,0,1,3,0.421,1,2,2,7,803983,404000000000.0,9662038588,13,13
805,0,24,1,1,0,0,1,56322,0,744990,48,1,2,35,0,639,675864,0.605,0,34097,0,0,4,1,2048544,0,3,26487,2,2,1,1,3,221,0,0,1.102,0,2,9,24,706718,78802652951.0,9646933356,24,17
806,0,13,1,1,1,0,2,15603,0,1784839,240,1,0,26,1,620,187236,1.818,1,28360,0,0,2,1,1109878,1,4,4260,1,3,1,1,0,39,4,3,9.533,1,2,0,20,4432,397000000000.0,9898709201,13,8
807,0,38,1,1,1,1,1,27580,0,11054290,300,1,1,35,0,731,330960,0.0,3,0,2,0,15,1,1465048,0,1,17937,2,6,1,1,2,1,1,2,33.401,2,2,5,9,841350,431000000000.0,9485805263,38,14
808,0,24,1,0,2,0,3,11552,0,5405347,180,1,2,40,1,656,138624,2.315,3,26747,2,0,2,1,1002990,0,0,11552,1,5,1,1,0,0,4,1,38.993,0,2,2,2,242365,960000000000.0,9077454470,24,4
809,0,33,0,0,0,1,2,48780,0,1808345,300,1,1,18,0,657,585360,0.0,3,0,0,0,3,5,2813965,0,2,29137,0,1,1,1,0,0,2,1,3.089,1,3,6,16,512237,317000000000.0,9467662623,33,1
810,0,17,1,1,0,0,1,58900,57943,3956829,300,0,2,34,1,557,1402116,0.311,3,36283,1,0,1,1,4141763,1,2,53474,0,3,1,1,3,0,2,2,2.822,0,2,3,26,668000,53026184025.0,9787036860,17,1
811,0,31,1,1,0,0,2,44877,0,173334,48,0,1,30,0,587,538524,0.76,6,34122,4,0,4,5,2489223,1,2,14791,4,3,1,1,4,220,4,3,0.322,0,2,4,22,309162,307000000000.0,9640989103,31,0
812,0,18,0,0,0,0,1,68909,89060,5353682,240,1,2,23,0,716,1895628,0.079,3,12502,3,0,0,1,6086434,0,4,67608,0,6,1,1,0,0,2,2,2.824,0,2,3,11,474401,203000000000.0,9375979531,18,14
813,0,2,0,1,0,0,1,32897,10064,1344796,360,1,0,39,0,667,515532,0.0,1,0,2,0,5,1,563571,0,3,21549,0,5,0,1,4,215,0,4,2.609,1,3,7,8,75086,98602757454.0,9492054894,2,7
814,0,37,1,0,3,1,1,13013,0,7987729,120,0,2,36,1,509,156156,0.753,3,9795,2,2,0,1,289154,0,4,8895,4,2,1,1,0,1,2,1,51.152,0,0,8,14,928855,812000000000.0,9834456622,37,12
815,0,17,1,1,1,0,2,60815,65745,762471,60,1,2,39,0,685,1518720,0.0,1,0,1,0,6,1,4391926,1,2,62051,1,3,1,1,2,63,2,0,0.502,1,2,6,3,275413,797000000000.0,9248607047,17,17
816,0,39,1,0,1,0,1,47459,0,1377005,36,0,1,43,1,446,569508,0.166,0,7861,1,1,0,1,1473634,0,0,20663,4,0,1,1,2,1,1,1,2.418,2,3,7,28,859891,23515850153.0,9017316715,39,11
817,0,25,1,1,1,1,3,16261,0,6013885,300,1,1,30,1,774,195132,0.838,3,13626,1,0,2,1,281819,0,3,2185,1,4,1,1,2,217,3,4,30.82,2,3,4,22,470522,879000000000.0,9954794064,25,12
818,0,17,0,0,2,0,2,13714,0,2395460,360,0,0,34,1,571,164568,2.733,1,37477,0,0,1,0,608032,0,4,2000,0,1,1,1,0,50,2,4,14.556,1,2,0,20,476835,579000000000.0,9664693656,17,15
819,0,1,0,0,0,1,1,31559,0,3626027,180,1,2,38,1,674,378708,0.389,3,12275,0,0,5,1,565510,1,4,11101,3,3,1,1,3,221,1,2,9.575,0,2,5,15,498943,360000000000.0,9023771843,1,16
820,0,13,1,1,0,0,3,3603,2045,1221311,300,1,1,50,1,619,67776,3.921,3,22143,0,0,1,1,0,0,4,2000,4,3,0,1,4,87,4,3,18.02,1,2,2,7,362154,221000000000.0,9732396440,13,14
821,0,40,1,0,2,1,1,61964,0,1068155,360,1,1,35,0,701,743568,0.148,3,9160,0,0,1,1,2190608,0,4,22363,0,6,1,1,1,221,4,2,1.437,0,3,5,15,541199,533000000000.0,9739238520,40,17
822,0,4,0,1,0,0,2,77815,0,483412,72,0,1,32,0,555,933780,0.0,0,0,0,1,1,1,2908102,0,1,36072,1,0,0,1,1,0,2,4,0.518,1,2,0,23,318655,209000000000.0,9844234719,4,3
823,0,13,1,1,0,0,1,75255,0,2144434,360,1,0,23,0,722,903060,0.292,1,21943,0,0,3,1,3050149,0,4,29732,2,6,1,1,4,0,3,2,2.375,2,2,6,16,760360,75515452607.0,9569991383,13,15
824,0,18,1,1,2,1,3,22066,25070,5752191,180,1,1,28,0,692,565632,0.536,3,25271,1,0,0,1,321106,0,0,25456,2,0,1,1,2,1,4,4,10.169,0,2,4,17,314820,643000000000.0,9733168066,18,7
825,0,32,0,1,0,0,1,45864,0,3689458,300,0,1,25,1,547,550368,0.167,3,7681,2,0,0,1,1917063,0,3,20408,0,2,1,0,2,217,2,2,6.704,0,2,1,0,131149,704000000000.0,9298424107,32,7
826,0,17,1,1,2,0,3,7936,5756,2403209,360,1,2,36,0,633,164304,0.0,1,0,1,0,0,1,0,0,3,12775,3,1,1,1,4,51,0,4,14.627,0,2,4,17,487474,741000000000.0,9590620036,17,9
827,0,32,0,1,0,1,3,21740,0,427872,24,1,0,49,0,757,260880,0.0,6,0,0,0,2,1,844858,1,3,10266,1,3,1,0,2,1,3,4,1.64,1,2,5,9,102010,565000000000.0,9931839979,32,4
828,0,4,1,1,2,0,2,39294,0,647871,360,1,2,29,0,748,471528,0.701,3,27532,0,0,1,4,966349,0,4,23663,1,6,1,1,1,0,2,2,1.374,1,2,9,24,258025,150000000000.0,9932664322,4,10
829,0,1,1,0,0,0,2,26018,0,1180510,36,1,2,43,0,776,312216,0.325,0,8443,0,0,7,1,1722631,0,0,16730,1,4,1,1,3,221,2,4,3.781,1,2,3,26,135096,612000000000.0,9485340012,1,2
830,0,15,1,0,1,1,1,71852,64248,1034473,120,1,2,36,0,625,1633200,0.247,3,33583,0,0,2,1,4654676,0,4,65603,0,5,1,0,3,1,1,2,0.633,0,1,7,8,887802,240000000000.0,9871888223,15,2
831,0,18,1,0,3,1,2,53112,28098,6269592,300,0,0,33,1,623,974520,0.727,3,59007,1,2,1,4,2880863,0,1,42432,3,4,1,1,4,142,1,3,6.434,0,2,5,9,1187,871000000000.0,9349564799,18,4
832,0,32,1,1,0,0,1,79206,0,1001651,240,0,2,36,0,545,950472,0.0,1,0,0,0,8,1,2681195,0,4,26727,3,6,1,0,1,1,2,3,1.054,0,2,9,6,222449,58679496383.0,9097236108,32,0
833,0,13,0,1,1,0,1,31574,0,379635,36,1,0,18,0,832,378888,0.0,4,0,0,0,0,1,1204117,1,4,17012,0,6,1,1,4,221,3,3,1.002,1,2,3,11,106533,617000000000.0,9864578655,13,12
834,0,13,0,0,2,0,1,82347,96616,120172,48,1,0,54,0,759,2147556,0.0,5,0,2,0,3,1,5884069,0,3,83751,2,0,1,0,3,0,2,3,0.056,2,2,1,25,275935,125000000000.0,9586824051,13,11
835,0,29,0,0,3,0,3,10667,0,8633990,300,1,1,44,0,732,128004,0.0,3,0,3,0,0,1,175620,0,4,10667,0,1,1,0,2,1,4,1,67.451,0,3,7,28,733342,451000000000.0,9740233868,29,11
836,0,32,1,0,1,1,2,51930,0,124145,48,0,0,28,1,501,623160,0.067,0,3460,1,2,0,4,1527375,0,2,30818,4,4,1,1,0,0,4,1,0.199,0,2,4,19,775397,357000000000.0,9442386020,32,1
837,0,31,1,0,2,1,1,39222,0,7332649,360,0,0,33,1,555,470664,0.235,3,9199,2,0,10,1,1074136,0,4,21120,1,4,1,1,0,0,2,2,15.579,1,2,4,19,546372,983000000000.0,9619797972,31,5
838,0,23,1,0,0,0,2,5719,0,2718608,240,1,1,45,1,615,68628,1.398,1,7996,0,0,0,0,6101,0,3,2000,0,3,1,1,0,56,1,0,39.614,2,3,8,14,288737,841000000000.0,9073567480,23,1
839,0,9,1,1,0,0,0,13514,0,723635,180,1,0,25,1,710,162168,0.588,1,7945,0,0,2,1,1208859,0,0,2000,3,0,1,1,3,215,1,2,4.462,0,3,1,27,709167,394000000000.0,9944203158,9,17
840,0,17,0,0,1,1,2,67059,0,203016,24,1,0,33,0,653,804708,0.0,5,0,0,0,2,3,2022714,0,4,26932,4,1,1,1,3,1,2,4,0.252,0,2,8,10,320483,491000000000.0,9774867595,17,15
841,0,0,0,1,0,0,2,5603,2672,1536115,240,0,1,41,1,547,99300,7.965,1,65912,0,0,5,4,0,1,2,2000,0,0,1,1,1,215,2,1,15.469,1,2,9,12,583452,865000000000.0,9868419623,0,10
842,0,38,0,1,0,0,2,52590,0,1093264,180,1,0,32,0,632,631080,0.0,3,0,0,0,3,1,2320887,1,4,30334,4,1,1,1,2,0,1,4,1.732,0,2,6,4,39386,58694276748.0,9317306629,38,9
843,0,38,1,1,0,0,1,39728,6542,11510770,240,0,2,37,1,580,555240,0.697,3,32273,0,0,3,1,3047377,0,4,16151,0,6,0,1,3,85,4,3,20.731,2,2,2,18,91529,182000000000.0,9946989062,38,10
844,0,4,0,0,0,0,1,60823,84196,1868862,60,1,0,18,0,606,1740228,0.057,0,8245,0,0,2,1,4468523,0,0,66727,2,3,1,0,3,221,2,3,1.074,1,2,6,4,114486,237000000000.0,9790065487,4,0
845,0,13,0,0,0,0,1,57177,0,10157196,300,1,0,45,1,647,686124,0.489,3,27986,0,0,0,1,1858430,0,4,32900,2,3,0,0,1,0,0,1,14.804,1,2,5,1,846994,780000000000.0,9981889073,13,2
846,0,0,1,1,0,0,2,69834,0,440085,60,1,2,35,0,782,838008,0.046,5,3213,1,0,2,0,1603580,0,2,32879,0,6,1,1,4,1,1,0,0.525,2,2,5,15,885468,592000000000.0,9962683848,0,3
847,0,38,1,1,0,0,2,38514,0,203195,48,1,2,34,0,698,462168,0.0,4,0,1,0,6,1,1765588,0,1,13942,1,3,0,1,0,218,1,1,0.44,0,2,1,25,368468,380000000000.0,9121905188,38,15
848,0,24,1,1,1,1,1,74422,50924,2760956,240,1,1,32,0,685,1504152,0.252,3,31594,0,0,1,1,4981753,0,4,55346,2,3,1,1,0,1,2,2,1.836,2,2,6,16,186655,886000000000.0,9010792372,24,4
849,0,31,1,0,0,0,1,47829,0,408587,36,0,0,28,0,552,573948,0.0,6,0,0,0,1,1,1351725,0,3,19023,1,4,1,0,2,220,4,3,0.712,1,2,6,4,359422,893000000000.0,9506757896,31,3
850,0,5,0,1,1,1,1,51767,68802,772204,36,1,2,37,0,632,1446828,0.158,0,19102,0,0,3,1,4778205,1,4,55145,1,2,1,1,1,221,4,3,0.534,0,1,0,20,698730,557000000000.0,9550570521,5,3
851,0,40,1,1,0,0,3,7533,0,337979,60,0,1,18,0,756,90396,0.0,2,0,1,1,0,1,905629,0,1,6473,0,5,1,1,2,73,0,3,3.739,0,3,1,27,749228,938000000000.0,9114147012,40,10
852,0,24,1,1,3,0,1,57236,0,230665,36,1,0,52,0,764,686832,0.727,0,41587,1,0,1,1,2075784,0,2,23905,0,0,1,1,2,0,3,1,0.336,1,2,8,14,324318,369000000000.0,9779780234,24,5
853,0,24,1,0,1,1,1,86597,40640,1095183,60,1,2,27,0,717,1526844,0.356,0,45243,0,0,0,1,5292625,0,1,57092,1,3,1,1,3,214,4,0,0.717,2,2,8,21,906173,845000000000.0,9016329573,24,6
854,0,12,0,1,2,0,2,43152,0,136852,12,0,1,37,1,553,517824,0.0,6,0,1,2,4,1,1730168,1,4,21050,2,5,1,1,0,203,4,0,0.264,1,3,5,9,962080,316000000000.0,9186830291,12,1
855,0,20,1,0,2,0,1,60475,0,498727,48,1,0,29,0,714,725700,0.725,4,43873,2,0,0,1,1973393,0,3,26270,3,6,1,1,0,221,0,2,0.687,1,4,5,1,510937,423000000000.0,9483966073,20,7
856,0,4,1,0,0,0,1,74058,31724,971018,240,1,1,40,0,605,1269384,0.025,1,2628,1,0,2,1,3337201,0,2,52057,4,4,1,1,4,68,1,4,0.765,0,2,9,6,984318,746000000000.0,9491617050,4,14
857,0,38,1,1,0,0,2,97964,0,295232,60,1,0,29,0,728,1175568,0.149,2,14633,1,0,2,1,3864036,0,0,43942,1,0,0,1,3,71,2,0,0.251,2,2,6,3,320009,817000000000.0,9609483774,38,16
858,0,13,0,1,0,1,1,18263,0,2657792,300,0,1,27,1,553,219156,1.946,3,35544,1,0,2,1,1187081,0,2,8866,1,6,0,1,4,98,4,4,12.127,0,2,6,16,278300,286000000000.0,9962183667,13,2
859,0,2,0,1,0,0,3,3343,0,2279459,360,1,0,40,1,702,40116,4.821,1,16116,2,0,0,1,512068,0,1,2000,0,6,0,1,3,0,4,1,56.822,1,3,2,7,846440,667000000000.0,9022234998,2,0
860,0,38,1,1,2,0,1,86867,0,2044818,240,1,1,38,0,748,1042404,0.0,1,0,3,0,1,1,3263669,1,0,39967,4,2,1,1,1,1,2,4,1.962,2,2,2,2,188615,768000000000.0,9915244614,38,7
861,0,0,1,0,1,0,1,78308,15905,5538569,120,1,0,26,1,657,1130556,0.371,3,34945,0,0,7,1,4709999,0,4,40560,0,2,0,0,4,0,2,2,4.899,0,2,4,19,517213,234000000000.0,9601863726,0,9
862,0,1,1,0,0,1,1,33336,0,1149667,72,1,2,30,0,650,400032,0.554,0,18482,3,0,0,1,1403447,1,1,18310,4,2,1,1,1,1,1,3,2.874,1,2,2,7,186898,957000000000.0,9414900385,1,16
863,0,36,1,0,0,0,2,30265,0,250969,48,1,1,49,0,693,363180,0.008,4,234,1,0,1,0,1459375,0,4,6937,3,6,1,1,2,0,0,3,0.691,2,0,6,16,479418,551000000000.0,9883904733,36,8
864,0,30,1,0,2,1,1,62415,0,169840,180,1,1,37,0,739,748980,0.174,1,10840,0,0,3,1,3307802,0,2,38151,2,4,0,1,2,221,3,4,0.227,2,1,9,6,806228,462000000000.0,9497887953,30,8
865,0,38,1,1,0,0,1,66977,0,5255159,300,1,2,37,0,723,803724,0.311,3,20863,0,0,9,1,2607445,0,4,31865,4,0,1,1,2,217,3,0,6.539,0,2,6,16,758181,40954377661.0,9830858001,38,4
866,0,31,1,1,3,1,3,3727,0,525291,60,1,2,25,0,697,44724,0.0,4,0,0,0,5,1,711289,0,1,2000,4,1,0,1,2,170,2,1,11.745,1,2,1,0,597233,144000000000.0,9862107818,31,2
867,0,17,1,0,2,0,1,38919,0,644232,24,0,0,57,0,568,467028,0.0,6,0,0,0,4,1,1275747,0,4,14877,3,4,1,0,3,1,1,1,1.379,0,2,2,2,203195,969000000000.0,9026933154,17,14
868,0,38,1,1,0,1,1,22077,0,1595837,240,1,2,42,1,744,264924,1.104,1,24365,0,0,9,1,641784,0,2,9193,4,1,1,0,4,33,3,1,6.024,0,2,0,20,972225,600000000000.0,9522411420,38,13
869,0,32,0,1,2,0,2,59358,0,4060515,300,1,1,27,1,853,712296,1.19,3,70664,2,0,9,5,3198883,0,3,22853,0,0,1,0,4,221,0,2,5.701,2,2,7,28,323144,15145992016.0,9633822224,32,0
870,0,38,1,1,2,0,3,0,0,4765490,300,1,1,19,1,697,0,11332.0,3,11332,0,0,1,1,0,0,4,0,0,2,1,1,1,0,0,4,100.0,2,2,4,22,710714,392000000000.0,9011348433,38,15
871,0,26,0,1,3,1,1,79411,75433,5852026,360,1,2,41,0,622,1858128,0.204,3,31599,1,0,6,1,6249631,1,0,66831,4,6,1,1,4,0,0,1,3.149,0,4,0,20,52204,253000000000.0,9645234286,26,7
872,0,38,1,1,0,0,2,43248,0,1037169,120,1,1,36,0,687,518976,0.658,1,28449,0,0,5,4,1816980,1,4,22889,2,5,1,1,1,0,1,0,1.998,0,2,9,24,486424,760000000000.0,9095367734,38,4
873,0,13,1,0,3,1,2,9265,0,3320580,240,1,0,49,1,750,111180,1.094,1,10139,0,0,0,3,314373,1,4,2000,1,0,1,1,2,221,3,0,29.867,0,2,8,14,44961,974000000000.0,9914762538,13,0
874,0,6,1,1,0,0,1,51832,0,13790960,360,1,1,46,1,685,621984,1.002,3,51916,1,0,3,1,1603505,0,4,26734,4,4,1,1,1,89,2,1,22.173,2,3,3,26,20117,641000000000.0,9474665353,6,4
875,0,20,0,1,0,0,3,3570,0,214896,48,0,0,39,1,483,42840,9.147,2,32654,1,0,1,1,0,1,4,3570,0,1,1,1,0,216,1,4,5.016,1,4,3,13,570184,630000000000.0,9241571276,20,9
876,0,0,1,1,1,0,1,38591,0,177546,12,1,0,45,0,642,463092,1.045,5,40340,0,0,3,1,2254683,0,4,17488,0,6,1,0,1,219,2,2,0.383,1,2,5,15,720358,543000000000.0,9616824979,0,10
877,0,3,1,1,1,0,1,43309,0,54642,36,1,1,24,0,809,519708,0.7,4,30313,1,0,7,1,1528992,0,1,16937,0,3,1,1,2,171,1,2,0.105,2,4,3,13,878183,816000000000.0,9710307372,3,13
878,0,1,0,1,2,0,1,33435,0,957182,36,1,1,39,1,654,401220,1.036,2,34636,0,0,3,1,715557,1,3,22871,4,6,1,1,0,0,4,1,2.386,2,2,4,22,71632,201000000000.0,9649312146,1,9
879,0,11,0,1,0,0,1,102440,69074,3314224,180,1,0,28,0,643,2058168,0.0,3,0,0,0,5,1,6419802,0,1,77917,1,4,1,0,4,102,1,2,1.61,2,4,3,26,809834,763000000000.0,9339172994,11,16
880,0,4,1,1,0,0,2,26139,17920,283333,24,1,0,26,0,669,528708,0.0,4,0,1,0,2,2,1358873,0,0,14358,3,5,1,1,4,1,3,1,0.536,1,2,0,5,163880,948000000000.0,9967068335,4,10
881,0,32,1,1,2,0,2,36218,0,2709143,240,1,2,30,0,628,434616,0.0,1,0,3,0,11,2,986194,0,2,11480,0,1,0,1,2,221,2,3,6.233,1,2,3,11,57291,16125901639.0,9949013334,32,5
882,0,40,0,1,2,0,1,56112,30983,4593785,360,1,2,44,0,735,1045140,0.0,3,0,1,0,0,1,3360344,0,3,42438,3,2,1,1,4,121,4,1,4.395,1,3,0,5,993209,673000000000.0,9016793014,40,4
883,0,0,1,1,1,0,1,41738,3920,6281960,300,1,1,25,1,667,547896,0.367,3,16765,2,0,0,1,1531101,0,1,17488,4,2,1,0,3,0,0,1,11.466,2,2,2,2,770499,605000000000.0,9886616801,0,0
884,0,4,0,1,1,1,1,107330,33876,7837024,360,1,2,41,0,648,1694472,0.0,3,0,1,0,3,1,4840313,0,4,61989,4,4,1,1,4,152,4,4,4.625,1,2,0,5,780737,213000000000.0,9531607917,4,15
885,0,18,1,0,0,0,1,38058,47047,3609128,300,0,0,24,1,552,1021260,0.0,3,0,2,0,0,1,2816038,0,2,44123,0,4,0,1,3,221,1,3,3.534,0,2,0,23,585239,602000000000.0,9940247028,18,4
886,0,14,0,0,1,0,1,34903,0,65179,24,1,0,35,0,673,418836,0.097,4,3381,0,0,5,1,1656747,1,4,13690,0,2,1,0,4,0,2,4,0.156,2,4,2,18,763303,113000000000.0,9678576463,14,8
887,0,13,1,0,1,0,2,3000,1891,2521658,360,1,0,27,1,697,58692,3.311,1,16193,1,0,2,3,160378,0,1,4891,4,6,1,1,0,221,0,3,42.964,1,2,0,23,498027,107000000000.0,9215401315,13,9
888,0,38,0,1,0,0,1,97426,31188,1404100,240,1,0,36,0,641,1543368,0.0,1,0,0,0,0,1,4448465,0,4,61041,3,6,1,0,0,221,4,1,0.91,2,2,8,14,742837,696000000000.0,9527410254,38,6
889,0,1,1,0,0,1,1,48361,32787,791415,36,0,0,43,1,490,973776,0.0,0,0,2,3,2,1,2596678,0,0,31725,1,2,1,1,4,214,3,2,0.813,0,2,2,7,828712,799000000000.0,9489930051,1,1
890,0,4,1,1,0,0,2,84079,74796,490718,36,1,0,45,0,768,1906500,0.02,5,3156,2,0,0,1,5713205,0,4,73897,3,1,1,1,0,1,0,4,0.257,0,2,7,28,610944,564000000000.0,9266256504,4,13
891,0,29,0,1,3,1,2,34729,11833,500672,24,0,2,37,0,543,558744,0.402,5,18733,1,0,1,1,1826184,0,1,14784,1,2,0,1,0,0,1,1,0.896,0,3,4,22,852011,1441306862.0,9408710066,29,4
892,0,17,0,1,3,0,2,42143,0,95280,300,0,2,37,1,589,505716,0.685,3,28873,1,0,0,0,1771895,1,2,25675,1,4,1,1,2,221,0,1,0.188,1,2,3,11,586069,417000000000.0,9115223282,17,14
893,0,32,1,1,0,0,2,3000,529,462655,36,1,2,54,1,685,42348,1.108,5,3909,3,0,1,1,1000662,1,4,3529,3,1,0,1,0,194,3,3,10.925,0,2,6,16,763681,241000000000.0,9994004108,32,5
894,0,13,1,0,2,0,3,12493,0,2585188,180,1,1,39,1,605,149916,0.585,1,7308,0,0,0,1,96157,0,4,10434,0,3,1,1,3,53,1,0,17.244,0,2,1,27,680729,135000000000.0,9228920641,13,12
895,0,38,0,1,0,0,1,68684,0,714338,180,1,1,21,0,641,824208,0.314,1,21574,0,0,5,1,2192013,0,1,37736,1,6,1,0,1,215,2,0,0.867,0,2,1,27,291831,97830280104.0,9194534195,38,17
896,0,1,1,1,1,1,1,33645,0,635018,240,1,2,33,0,692,403740,0.554,1,18631,1,0,1,1,906762,0,3,14200,3,5,1,1,1,61,0,4,1.573,1,2,5,15,287633,448000000000.0,9889306357,1,4
897,0,4,1,0,1,1,3,6710,0,205113,12,0,0,40,0,575,80520,0.0,5,0,1,0,0,1,650302,0,2,2000,2,6,1,0,3,221,4,0,2.547,0,2,4,19,394205,379000000000.0,9699055855,4,6
898,0,12,2,0,1,0,1,36147,31669,7465106,300,1,1,32,0,626,813792,0.663,3,44990,1,0,4,1,2199413,0,4,32484,4,2,1,1,4,149,4,0,9.173,1,3,8,10,997301,941000000000.0,9045289860,12,13
899,0,0,1,1,1,1,1,45957,0,10806,24,0,0,32,1,559,551484,0.83,5,38146,0,0,0,1,1829260,0,4,20072,4,2,1,1,0,219,3,2,0.02,1,2,2,7,973422,65673374570.0,9165276136,0,4
900,0,23,1,0,0,0,2,6843,5857,47881,48,1,1,40,0,723,152400,3.416,6,43386,1,0,0,3,309013,0,4,2000,3,6,1,1,2,0,2,1,0.314,0,3,2,18,407794,980000000000.0,9992964447,23,6
901,0,32,0,1,0,0,1,16207,4670,315575,360,0,1,23,0,543,250524,0.523,3,10928,0,0,1,1,420097,0,3,16052,0,1,1,1,2,1,0,2,1.26,2,2,6,4,631483,84232423480.0,9041724155,32,10
902,0,18,1,1,0,0,1,38875,0,236042,240,1,2,45,0,700,466500,0.0,1,0,0,0,0,1,1302727,0,4,16970,4,1,1,1,4,221,0,0,0.506,1,2,7,8,819350,586000000000.0,9602425703,18,9
903,0,4,1,1,0,0,2,88212,0,3668197,120,1,1,25,0,687,1058544,0.207,3,18288,0,0,0,3,3113998,0,4,35397,3,1,0,1,4,221,0,3,3.465,2,2,0,23,619549,296000000000.0,9863040296,4,13
904,0,4,1,1,2,1,1,5000,1976,4479540,360,0,1,20,1,505,83712,6.299,3,43942,1,0,2,1,0,0,4,2000,1,0,1,1,0,119,3,2,53.511,1,2,6,16,302013,992000000000.0,9041678215,4,10
905,0,15,1,0,1,1,1,9649,0,5720378,300,0,1,30,1,518,115788,2.403,3,23184,0,0,1,1,695046,0,2,4199,2,0,1,1,4,1,1,1,49.404,2,1,3,11,427371,669000000000.0,9139280485,15,16
906,0,0,0,0,0,0,2,68112,0,162358,24,0,1,35,0,574,817344,0.079,5,5362,0,0,0,1,2889078,1,4,32817,0,4,1,0,1,1,2,0,0.199,0,2,6,3,610714,61901933359.0,9379719000,0,16
907,0,0,0,0,0,1,1,69866,0,1880986,300,0,2,35,0,570,838392,0.0,3,0,0,0,0,1,2927829,1,2,30113,4,2,1,1,2,221,2,3,2.244,2,2,6,16,266776,956000000000.0,9855940799,0,17
908,0,31,1,0,1,0,1,25258,0,8148838,240,1,0,35,0,639,303096,0.0,3,0,2,0,2,1,593860,0,4,14923,3,0,1,0,2,221,2,0,26.885,0,2,0,20,207507,453000000000.0,9564743701,31,7
909,0,9,0,1,0,0,3,5736,0,621112,24,0,1,34,1,537,68832,10.045,2,57616,3,0,1,1,0,0,1,5736,3,2,1,1,1,221,2,2,9.024,2,3,8,14,742015,912000000000.0,9761209281,9,1
910,0,18,1,0,1,0,2,3000,3334,2492006,240,1,2,35,1,688,76008,4.049,3,25647,1,0,2,3,0,0,1,6334,4,1,1,1,4,217,3,3,32.786,1,2,1,27,979820,61902231167.0,9870676353,18,17
911,0,24,1,1,0,1,1,46522,0,184353,36,1,2,28,0,624,558264,0.082,6,3796,1,0,2,1,1051529,0,3,16798,4,2,1,1,3,1,1,3,0.33,0,2,6,3,987214,719000000000.0,9563711429,24,7
912,0,38,1,1,0,1,3,3048,1274,2046524,120,1,0,41,1,691,51864,3.911,1,16905,2,0,0,1,0,0,1,4322,4,4,1,1,4,43,4,2,39.459,2,2,0,20,604213,3753989231.0,9324659866,38,9
913,0,17,1,1,0,1,1,33942,0,111128,24,1,2,45,0,622,407304,0.515,4,17473,2,0,5,1,1625629,0,4,12807,1,4,0,1,0,163,2,0,0.273,2,2,6,4,619532,842000000000.0,9382011406,17,12
914,0,0,2,1,0,1,1,56406,16487,576665,60,1,2,55,0,681,874716,0.0,5,0,0,0,3,1,2129060,0,4,36408,4,1,0,1,2,200,0,4,0.659,1,2,6,16,935444,664000000000.0,9455337565,0,13
915,0,24,0,0,0,0,2,3000,2176,2533699,300,1,2,46,0,656,62112,0.0,3,0,4,0,1,4,114601,0,4,2000,2,1,1,1,2,0,3,2,40.792,2,2,3,26,337105,649000000000.0,9451046250,24,11
916,0,17,0,0,0,0,1,28766,29110,94277,48,1,1,22,0,661,694512,0.0,6,0,0,0,4,1,2184796,0,4,25831,4,2,1,1,1,213,0,2,0.136,0,2,3,11,672886,966000000000.0,9672935097,17,9
917,0,0,0,1,0,0,2,27673,0,616249,360,1,1,39,0,715,332076,0.553,3,15304,2,0,1,4,0,0,1,8611,0,3,1,1,1,1,4,2,1.856,2,2,9,24,1645,421000000000.0,9347780457,0,2
918,0,10,1,1,0,0,1,64925,0,420080,36,1,0,18,1,659,779100,0.906,5,58842,0,0,2,1,2143879,1,2,26366,1,5,1,0,1,192,1,2,0.539,0,4,6,4,335248,184000000000.0,9478233720,10,5
919,0,17,1,0,0,0,1,12511,0,178489,24,0,2,36,0,591,150132,0.0,4,0,2,0,2,1,0,1,4,2000,2,1,1,1,0,1,4,0,1.189,2,2,8,14,171783,677000000000.0,9301122008,17,7
920,0,40,1,1,0,0,1,87779,1947,724461,36,0,0,44,1,671,1076712,0.607,2,54459,2,2,5,1,3708799,0,4,41140,0,3,0,1,2,79,0,0,0.673,0,3,5,1,87834,265000000000.0,9828967136,40,16
921,0,40,1,1,0,0,1,62712,68884,6499378,300,1,2,30,0,706,1579152,0.031,3,4031,0,0,3,1,5522964,1,2,62878,0,2,1,1,3,1,0,2,4.116,0,3,8,10,179889,495000000000.0,9013249519,40,9
922,0,24,1,1,1,0,1,43497,0,156576,48,1,0,37,0,669,521964,0.675,4,29365,0,0,4,1,1966787,1,2,19792,0,6,1,1,2,0,0,3,0.3,1,2,8,14,891289,11546175808.0,9038890441,24,0
923,0,25,1,0,2,0,2,58157,0,3709466,360,1,0,39,0,762,697884,0.155,1,8990,2,0,7,1,2875096,1,4,22607,2,5,1,1,0,215,4,2,5.315,0,3,9,12,44708,432000000000.0,9814837475,25,12
924,0,31,1,1,0,1,1,15573,0,301841,360,0,0,41,0,578,186876,3.043,1,47388,1,0,6,1,1124524,1,4,13751,2,0,1,0,1,0,1,3,1.615,0,2,5,15,748005,309000000000.0,9778401902,31,2
925,0,32,1,0,0,0,1,12329,6856,4811735,180,1,2,30,1,621,230220,3.137,3,60191,1,0,3,1,1297373,0,3,2000,2,0,1,0,1,217,4,4,20.901,0,2,2,18,981493,988000000000.0,9686119976,32,2
926,0,24,1,1,0,1,0,30612,0,4525309,300,1,0,24,1,715,367344,0.907,3,27777,1,0,0,1,199730,0,4,18953,1,3,1,1,3,0,4,4,12.319,0,2,8,10,738528,833000000000.0,9353458195,24,11
927,0,1,0,1,0,1,1,36864,17029,2624740,300,1,0,26,0,734,646716,0.404,3,21791,1,0,5,1,1338255,0,3,18445,0,0,1,1,1,0,3,3,4.059,0,2,8,21,271009,285000000000.0,9266217758,1,0
928,0,25,1,0,0,1,1,27484,13865,4527861,360,1,1,32,1,763,496188,1.06,3,43834,2,0,2,1,1996148,0,0,25002,4,0,1,1,0,1,1,2,9.125,0,3,2,7,531435,585000000000.0,9285327276,25,11
929,0,23,1,1,1,1,1,74560,0,3472716,240,0,0,25,0,529,894720,0.048,3,3555,0,0,1,1,3007200,0,4,35968,1,0,1,1,1,0,0,1,3.881,0,3,3,13,820133,345000000000.0,9613087308,23,6
930,0,38,1,1,0,0,1,34382,25519,10549586,300,1,0,39,1,796,718812,0.724,3,43342,2,0,0,1,2691382,1,0,18952,2,0,0,1,4,82,0,4,14.676,2,2,6,16,182180,73827777118.0,9425278630,38,0
931,0,17,1,0,0,1,1,59566,51348,96861,240,1,0,41,0,656,1330968,0.188,1,20851,0,0,1,1,3856191,1,4,47541,0,2,1,1,4,215,2,4,0.073,1,2,4,22,812800,121000000000.0,9057771961,17,6
932,0,12,1,1,1,0,2,3000,4762,424314,36,1,1,23,1,665,93144,1.713,5,13300,1,0,0,1,265440,0,4,3935,4,0,1,1,3,219,3,3,4.555,2,3,2,18,709349,597000000000.0,9683344009,12,12
933,0,18,0,1,1,1,1,15968,0,171946,24,0,1,28,1,540,191616,1.323,6,21133,1,1,3,1,0,0,2,8019,1,4,1,1,1,206,2,2,0.897,2,2,6,3,18058,427000000000.0,9143907054,18,6
934,0,31,1,0,0,0,1,80592,0,160215,60,1,2,42,0,762,967104,0.426,2,34344,1,0,1,1,2367496,0,4,41433,2,0,1,1,1,1,4,0,0.166,1,2,0,5,225213,15791150101.0,9626008026,31,12
935,0,11,0,1,0,0,0,27515,0,715728,36,1,2,46,1,730,330180,0.854,0,23492,2,0,2,1,1101516,0,3,17076,4,1,1,1,2,1,2,1,2.168,1,4,5,9,954745,348000000000.0,9835719214,11,13
936,0,24,0,1,2,1,1,25503,0,519047,48,1,0,50,0,641,306036,1.656,2,42232,1,0,3,1,541729,0,4,15529,3,2,1,1,0,221,2,0,1.696,2,2,1,27,490509,146000000000.0,9172665282,24,7
937,0,17,1,0,0,0,2,29134,0,4676049,360,0,1,28,1,467,349608,0.611,3,17803,1,0,7,0,912712,1,2,17937,1,5,1,1,4,0,4,0,13.375,1,2,7,28,382490,493000000000.0,9601460519,17,16
938,0,4,0,1,1,0,1,96080,57875,2701920,120,1,1,31,0,690,1847460,0.133,1,20513,1,0,3,1,5420668,1,4,65513,3,0,1,0,2,0,1,0,1.463,0,2,5,1,814233,433000000000.0,9369301000,4,0
939,0,0,1,1,1,0,2,29060,0,977640,180,1,0,29,1,739,348720,1.128,1,32782,1,0,3,3,127340,0,4,5126,1,1,1,1,1,215,4,3,2.804,1,2,5,9,741413,932000000000.0,9835415892,0,0
940,0,38,0,0,1,0,1,5955,2944,1604286,180,0,1,22,1,589,106788,2.018,1,17959,0,0,3,1,0,0,1,2000,2,2,1,1,2,34,4,4,15.023,0,2,3,13,574740,304000000000.0,9808122681,38,12
941,0,23,1,1,0,0,2,61683,35719,4074864,240,1,2,42,0,618,1168824,0.552,3,53718,2,0,0,1,4021400,0,4,41760,0,2,0,1,1,112,0,1,3.486,1,3,3,26,419261,747000000000.0,9309673979,23,3
942,0,3,0,0,3,0,1,35040,0,3081876,360,1,0,27,1,774,420480,1.12,1,39242,1,0,2,1,1148883,0,3,15032,3,5,1,1,3,1,2,4,7.329,2,4,9,12,753384,189000000000.0,9016767187,3,6
943,0,4,1,0,1,1,1,58544,0,19264,360,1,1,25,0,698,702528,0.213,3,12495,1,0,4,1,2092727,1,1,32649,2,0,1,1,1,0,3,3,0.027,1,2,7,8,816950,884000000000.0,9276292266,4,11
944,0,31,1,1,2,0,1,54261,0,4190932,180,1,1,29,0,732,651132,0.0,3,0,1,0,9,1,1855648,0,3,25218,0,5,1,1,2,114,4,3,6.436,0,2,1,27,172315,809000000000.0,9989074993,31,1
945,0,13,0,1,0,0,1,9019,7897,6749494,120,1,0,41,1,707,202992,0.645,3,10918,1,0,4,1,621020,0,4,9045,0,3,0,0,4,1,2,2,33.25,0,2,3,13,903135,126000000000.0,9764083858,13,16
946,0,32,1,1,0,0,2,86710,0,223942,36,1,1,38,0,640,1040520,0.013,2,1111,1,0,3,2,3376391,0,4,41411,3,4,1,1,1,0,3,3,0.215,0,2,8,14,560170,142000000000.0,9129565188,32,2
947,0,17,0,1,1,0,1,17298,8547,1413164,360,0,1,45,1,610,310140,0.467,3,12066,1,3,3,1,876749,0,2,14476,2,2,1,1,2,217,1,1,4.557,0,2,2,7,583443,149000000000.0,9492878757,17,0
948,0,0,1,1,0,0,3,18399,0,1704695,240,1,2,18,1,695,220788,1.979,1,36419,2,0,2,1,1014267,1,2,8653,1,2,1,1,2,221,1,0,7.721,1,2,0,23,849527,29301125018.0,9607429069,0,12
949,0,4,1,1,0,1,1,63106,75427,3391739,240,1,2,33,0,737,1662396,0.03,1,4118,0,0,1,1,5331944,0,2,52858,1,5,1,1,4,0,4,4,2.04,0,2,6,3,372730,234000000000.0,9073024266,4,17
950,0,38,1,1,2,0,2,55486,0,1628950,300,1,2,35,0,675,665832,0.603,3,33468,0,0,11,1,2516258,0,2,30149,0,1,0,1,3,0,2,3,2.446,2,2,9,24,916354,975000000000.0,9695674068,38,6
951,0,13,0,1,0,0,3,11649,0,8090176,300,1,2,32,0,666,139788,0.0,3,0,2,0,0,1,1152350,0,4,4541,3,3,1,1,1,1,0,0,57.875,0,2,0,5,925872,445000000000.0,9658348348,13,10
952,0,0,0,1,0,0,1,63883,0,1777496,180,1,2,40,1,660,766596,0.475,1,30332,2,0,1,1,2446455,1,4,21486,0,1,0,1,4,38,2,2,2.319,2,2,8,10,679657,863000000000.0,9207758708,0,7
953,0,31,1,1,0,0,1,56179,50882,872261,180,1,0,30,0,732,1284732,0.0,1,0,0,0,1,1,3839362,0,0,42495,0,1,1,1,1,1,4,1,0.679,0,2,0,20,238345,698000000000.0,9504505092,31,4
954,0,18,1,1,0,0,0,36719,0,2925408,240,1,1,30,1,688,440628,0.415,3,15224,1,0,4,1,1496662,1,3,7265,2,3,1,0,3,221,3,2,6.639,1,2,9,6,372470,720000000000.0,9773729545,18,16
955,0,19,0,1,0,0,2,83667,97225,7761827,360,1,2,36,0,637,2170704,0.172,3,31072,1,0,2,5,5882432,0,1,84627,1,2,1,1,1,0,3,0,3.576,1,1,0,23,834301,16258515020.0,9450281435,19,10
956,0,9,1,1,1,0,1,67355,0,104056,240,1,2,42,0,694,808260,0.0,1,0,0,0,0,1,2310743,1,4,29982,0,6,1,1,1,1,0,2,0.129,2,3,2,2,815476,794000000000.0,9235904265,9,14
957,0,4,0,1,0,1,0,7943,0,1437237,48,0,0,36,0,667,95316,0.0,0,0,1,1,8,1,845032,0,4,2000,1,2,1,1,3,214,2,0,15.079,2,2,1,25,727465,287000000000.0,9838554514,4,11
958,0,25,1,0,0,0,3,10823,0,157333,120,1,1,37,1,612,129876,4.681,1,50664,1,0,1,1,1172538,1,4,7974,0,3,1,1,4,215,1,0,1.211,2,3,4,19,608986,194000000000.0,9706272816,25,2
959,0,31,1,1,2,1,3,7903,8399,1534579,60,0,2,32,1,727,195624,2.125,1,34637,0,1,0,1,965359,0,4,9058,1,5,1,1,4,215,4,2,7.845,2,2,0,20,811941,746000000000.0,9412608481,31,3
960,0,17,0,0,2,0,2,3000,0,414552,36,0,1,37,1,577,36000,0.0,0,0,0,0,0,3,39938,1,4,3000,2,3,1,1,2,1,0,1,11.515,0,2,1,25,949452,210000000000.0,9039951670,17,7
961,0,4,1,1,3,0,2,83038,0,3761899,360,1,1,18,1,613,996456,0.224,3,18580,1,0,5,5,2620580,0,4,37067,4,1,1,0,2,108,0,3,3.775,2,2,8,14,552373,600000000000.0,9438880485,4,8
962,0,17,1,0,3,1,3,4802,0,1734570,180,1,1,38,1,627,57624,5.627,1,27021,1,0,1,1,565795,0,3,2000,0,3,1,1,4,35,3,4,30.102,1,2,9,24,152763,203000000000.0,9231342755,17,2
963,0,0,1,0,0,1,0,15740,1491,8747289,360,1,2,18,1,600,206772,1.37,3,23600,0,0,1,1,0,0,4,16302,2,6,1,1,1,156,1,4,42.304,1,2,7,28,426077,299000000000.0,9183436953,0,8
964,0,1,0,1,0,1,1,81985,75903,1129441,60,1,0,43,0,608,1894656,0.194,0,30633,1,0,0,1,5606295,0,1,73026,1,4,1,0,0,221,0,2,0.596,1,2,4,19,779240,298000000000.0,9792651732,1,3
965,0,32,1,1,0,0,3,19396,0,2676717,360,1,0,45,1,637,232752,1.853,1,35933,1,0,0,1,1240154,0,4,6775,0,5,1,1,3,55,0,1,11.5,0,2,2,18,27124,291000000000.0,9836915737,32,11
966,0,24,1,1,3,0,1,75517,123461,9081038,300,1,1,38,0,709,2387736,0.203,3,40483,0,0,3,1,7365581,1,2,85400,2,5,1,1,4,1,3,0,3.803,2,2,1,0,852979,52987707459.0,9915304450,24,16
967,0,33,0,1,0,1,1,67489,0,606873,12,1,0,38,0,661,809868,0.496,6,33473,1,0,4,1,2018870,0,1,28224,3,5,1,1,4,0,1,1,0.749,1,3,6,3,714408,268000000000.0,9029586760,33,10
968,0,0,0,0,3,0,0,25455,9985,824694,180,1,0,44,0,793,425280,0.349,1,12354,1,0,1,1,1417105,0,1,5541,3,5,0,0,3,1,3,3,1.939,1,2,4,22,147746,93467541823.0,9688101382,0,2
969,0,20,1,1,0,0,1,82977,0,331115,24,1,2,31,0,639,995724,0.0,5,0,1,0,1,1,2872272,0,4,38908,1,5,1,1,0,221,3,2,0.333,2,4,6,3,774687,51334601842.0,9201388253,20,14
970,0,0,0,1,2,0,3,7539,0,655922,36,0,2,42,1,579,90468,1.186,5,8940,1,0,1,1,0,0,0,2000,2,2,1,1,1,219,4,2,7.25,0,2,4,19,745743,317000000000.0,9173690789,0,7
971,0,38,0,1,1,0,2,3000,177,2965307,360,1,2,35,0,654,38124,0.0,3,0,0,0,7,3,0,0,2,2000,2,6,0,1,3,217,2,3,77.781,2,2,1,25,715504,720000000000.0,9071634850,38,4
972,0,31,0,0,1,0,2,64203,0,356311,48,0,0,33,0,654,770436,0.078,5,4984,0,1,1,5,2579159,1,1,30192,3,4,1,1,1,1,4,1,0.462,2,2,3,26,228473,124000000000.0,9445456972,31,13
973,0,23,1,1,0,0,1,80625,0,360841,36,1,1,36,0,617,967500,0.089,2,7144,0,0,0,1,2683831,0,2,44903,4,6,1,1,4,1,1,2,0.373,0,3,8,21,101146,619000000000.0,9886263956,23,15
974,0,32,1,1,0,0,1,19329,11950,4985087,360,0,1,30,1,579,375348,0.0,3,0,2,0,1,1,516677,0,4,6745,0,0,1,1,1,131,2,4,13.281,0,2,6,16,630778,668000000000.0,9388740223,32,7
975,0,1,0,1,0,0,1,16115,7229,730929,36,1,0,31,1,735,280128,1.229,0,28684,1,0,5,1,376733,0,2,6796,2,6,1,1,3,214,0,0,2.609,2,2,7,8,379415,447000000000.0,9176142152,1,7
976,0,38,0,1,2,0,1,42404,0,456025,36,1,1,31,0,693,508848,0.765,2,32441,0,0,0,1,1542526,0,2,19958,3,6,1,1,2,216,4,0,0.896,1,2,5,15,582261,197000000000.0,9568969870,38,9
977,0,38,1,1,2,0,2,49540,0,1391088,180,1,2,23,0,628,594480,1.023,3,50699,3,0,5,0,1599470,0,3,20518,0,1,1,1,2,90,4,0,2.34,2,2,7,8,850403,4837936315.0,9922912706,38,1
978,0,32,1,0,1,0,1,20590,0,269155,36,1,1,48,0,612,247080,0.893,2,18395,1,0,2,1,193937,0,1,7399,0,2,1,1,1,221,1,1,1.089,1,2,3,11,468410,410000000000.0,9228247183,32,16
979,0,39,1,0,0,0,1,66447,0,9079130,360,1,2,42,1,658,797364,0.762,3,50614,3,0,2,1,2235888,0,3,26320,3,1,1,0,4,0,3,4,11.386,0,3,2,7,724344,180000000000.0,9974997990,39,1
980,0,10,0,0,1,1,1,42525,20563,400071,48,1,2,36,0,642,757056,0.328,5,20680,1,0,2,1,2128141,1,4,16468,1,0,1,1,1,221,2,3,0.528,2,4,6,3,483717,171000000000.0,9898106173,10,1
981,0,4,0,1,0,1,2,27598,0,3709628,360,1,0,28,1,673,331176,0.682,1,18822,1,0,0,1,1001816,1,4,13017,0,2,1,1,2,58,2,0,11.201,2,2,7,8,853296,163000000000.0,9169496378,4,3
982,0,32,0,1,3,0,1,57507,0,6692825,360,1,0,26,1,649,690084,0.322,3,18516,0,0,0,1,1894025,0,0,19530,3,6,1,0,2,0,0,2,9.699,1,2,2,2,23230,939000000000.0,9307167532,32,15
983,0,24,1,0,0,1,1,48991,28776,1281344,48,1,0,34,0,618,933204,0.0,0,0,2,0,0,1,2995748,0,4,36501,2,3,1,1,1,0,1,4,1.373,0,2,7,8,121182,361000000000.0,9049037295,24,7
984,0,32,1,1,2,0,2,11652,10947,479663,36,1,0,37,1,650,271188,2.048,0,46291,2,0,2,2,767318,0,2,12757,2,0,1,1,1,0,2,2,1.769,2,2,8,10,126146,584000000000.0,9439225517,32,5
985,0,4,0,0,1,1,1,124758,0,85179,36,0,1,22,0,577,1497096,0.224,5,27996,2,0,8,1,5098730,0,4,59468,2,1,1,1,4,0,4,4,0.057,0,2,2,7,65205,258000000000.0,9018639945,4,5
986,0,2,0,1,1,0,1,64907,0,3186259,120,1,1,33,0,720,778884,0.497,3,32276,0,0,3,1,1704468,0,3,32118,0,0,1,1,0,0,2,4,4.091,0,3,2,2,885472,845000000000.0,9796859096,2,7
987,0,21,0,1,1,0,1,42003,0,1343880,60,1,0,49,1,716,504036,0.899,0,37753,1,0,6,1,1553098,0,4,19619,3,0,1,0,3,221,0,2,2.666,1,1,8,10,565028,872000000000.0,9351668113,21,9
988,0,0,1,1,0,1,1,32975,0,4849437,120,1,0,32,1,646,395700,1.354,3,44653,0,0,0,1,2009586,0,3,14578,3,0,1,1,3,221,1,1,12.255,2,2,3,26,531606,367000000000.0,9422241983,0,0
989,0,0,0,1,2,1,1,53819,66776,6902758,240,1,2,38,0,694,1447140,0.0,3,0,1,0,0,1,4795091,1,4,45620,2,0,1,1,1,147,2,4,4.77,0,2,7,8,520997,237000000000.0,9248420243,0,12
990,0,38,1,1,1,0,1,13966,0,483828,36,1,2,40,0,701,167592,1.205,5,16830,2,0,1,1,0,0,4,4702,1,0,1,1,2,0,3,1,2.887,2,2,4,19,360598,948000000000.0,9409941475,38,9
991,0,33,1,1,1,0,1,58579,33868,224319,12,0,0,30,0,603,1109364,0.073,5,6705,2,2,1,1,2448983,0,3,39562,0,1,1,1,1,183,1,0,0.202,1,3,3,13,920571,914000000000.0,9082611035,33,13
992,0,1,1,0,2,0,1,40224,19089,6818332,120,0,1,47,1,588,711756,0.608,3,36082,1,0,6,1,1919288,1,4,31121,0,5,0,1,1,217,3,0,9.58,1,2,8,10,701567,430000000000.0,9969229533,1,4
993,0,13,1,1,0,0,0,42145,0,870783,48,1,0,42,1,675,505740,0.886,0,37331,0,0,0,1,1176752,0,2,23064,0,2,1,1,1,1,0,4,1.722,1,2,7,8,268322,941000000000.0,9424066283,13,5
994,0,24,1,1,0,0,1,58010,0,741237,36,1,1,54,0,786,696120,0.039,0,2290,0,0,0,1,2690563,0,4,15858,4,6,1,0,0,214,1,3,1.065,2,2,7,8,532513,349000000000.0,9866940865,24,7
995,0,35,1,1,1,0,1,44713,0,5883603,360,1,2,35,0,707,536556,0.116,3,5165,1,0,2,1,1895538,1,3,11899,1,3,1,1,0,1,1,1,10.965,1,4,6,4,6635,383000000000.0,9350952889,35,12
996,0,18,1,0,2,0,1,70886,0,2780228,300,0,1,37,1,561,850632,0.284,3,20102,1,0,1,1,2413969,0,4,32458,1,4,1,0,3,1,3,4,3.268,0,2,3,26,217843,704000000000.0,9176504718,18,3
997,0,31,0,0,1,0,1,24392,11337,301249,24,1,1,28,0,725,428748,0.966,2,34514,2,0,0,1,1631635,0,1,22977,4,6,1,1,2,1,4,2,0.703,2,2,0,20,89211,99542887344.0,9966866798,31,5
998,0,4,0,0,2,0,1,64803,94136,719891,48,1,2,33,0,679,1907268,0.214,0,34000,1,0,4,1,5000832,0,2,72376,2,0,1,1,2,1,1,4,0.377,0,2,1,0,532976,617000000000.0,9103847156,4,6
999,0,32,0,1,0,0,2,22938,0,61019,120,1,0,24,0,690,275256,0.664,1,15226,0,0,0,0,0,1,3,16105,0,0,1,1,0,0,3,4,0.222,1,2,8,21,509612,651000000000.0,9449234359,32,11
